CREATE DATABASE  IF NOT EXISTS `team12_most_used_beauty_products_db` /*!40100 DEFAULT CHARACTER SET utf8mb3 */ /*!80016 DEFAULT ENCRYPTION='N' */;
USE `team12_most_used_beauty_products_db`;
-- MySQL dump 10.13  Distrib 8.0.41, for macos15 (x86_64)
--
-- Host: localhost    Database: team12_most used beauty products_db
-- ------------------------------------------------------
-- Server version	9.2.0

/*!40101 SET @OLD_CHARACTER_SET_CLIENT=@@CHARACTER_SET_CLIENT */;
/*!40101 SET @OLD_CHARACTER_SET_RESULTS=@@CHARACTER_SET_RESULTS */;
/*!40101 SET @OLD_COLLATION_CONNECTION=@@COLLATION_CONNECTION */;
/*!50503 SET NAMES utf8 */;
/*!40103 SET @OLD_TIME_ZONE=@@TIME_ZONE */;
/*!40103 SET TIME_ZONE='+00:00' */;
/*!40014 SET @OLD_UNIQUE_CHECKS=@@UNIQUE_CHECKS, UNIQUE_CHECKS=0 */;
/*!40014 SET @OLD_FOREIGN_KEY_CHECKS=@@FOREIGN_KEY_CHECKS, FOREIGN_KEY_CHECKS=0 */;
/*!40101 SET @OLD_SQL_MODE=@@SQL_MODE, SQL_MODE='NO_AUTO_VALUE_ON_ZERO' */;
/*!40111 SET @OLD_SQL_NOTES=@@SQL_NOTES, SQL_NOTES=0 */;

--
-- Table structure for table `brand`
--

DROP TABLE IF EXISTS `brand`;
/*!40101 SET @saved_cs_client     = @@character_set_client */;
/*!50503 SET character_set_client = utf8mb4 */;
CREATE TABLE `brand` (
  `Brand_id` int NOT NULL,
  `Brand` varchar(45) DEFAULT NULL,
  PRIMARY KEY (`Brand_id`)
) ENGINE=InnoDB DEFAULT CHARSET=utf8mb3;
/*!40101 SET character_set_client = @saved_cs_client */;

--
-- Dumping data for table `brand`
--

LOCK TABLES `brand` WRITE;
/*!40000 ALTER TABLE `brand` DISABLE KEYS */;
INSERT INTO `brand` VALUES (1,'Becca'),(2,'IT Cosmetics'),(3,'Kiehl\'s'),(4,'Bobby Brown'),(5,'NARS'),(6,'Make Up For Ever'),(7,'Farsali'),(8,'Milk Makeup'),(9,'Kylie Cosmetics'),(10,'Tatcha'),(11,'Sisley'),(12,'Anastasia Beverly Hills'),(13,'Drunk Elephant'),(14,'Hourglass'),(15,'Bourjois'),(16,'KVD Beauty'),(17,'Yves Saint Laurent'),(18,'Tarte'),(19,'RMS Beauty'),(20,'Bite Beauty'),(21,'E.l.f.'),(22,'Glossier'),(23,'Patrick Ta'),(24,'Clinique'),(25,'Danessa Myricks'),(26,'Too Faced'),(27,'Laura Mercier'),(28,'Charlotte Tilbury'),(29,'Pat McGrath Labs'),(30,'Morphe'),(31,'Fenty Beauty'),(32,'ColourPop'),(33,'Ilia Beauty'),(34,'Rare Beauty'),(35,'Juvia\'s Place'),(36,'Perricone MD'),(37,'Urban Decay'),(38,'Huda Beauty'),(39,'Shiseido'),(40,'Natasha Denona');
/*!40000 ALTER TABLE `brand` ENABLE KEYS */;
UNLOCK TABLES;

--
-- Table structure for table `country`
--

DROP TABLE IF EXISTS `country`;
/*!40101 SET @saved_cs_client     = @@character_set_client */;
/*!50503 SET character_set_client = utf8mb4 */;
CREATE TABLE `country` (
  `country_id` int NOT NULL AUTO_INCREMENT,
  `country` varchar(45) DEFAULT NULL,
  PRIMARY KEY (`country_id`)
) ENGINE=InnoDB AUTO_INCREMENT=9 DEFAULT CHARSET=utf8mb3;
/*!40101 SET character_set_client = @saved_cs_client */;

--
-- Dumping data for table `country`
--

LOCK TABLES `country` WRITE;
/*!40000 ALTER TABLE `country` DISABLE KEYS */;
INSERT INTO `country` VALUES (1,'Japan'),(2,'Germany'),(3,'USA'),(4,'Italy'),(5,'UK'),(6,'South Korea'),(7,'Australia'),(8,'France');
/*!40000 ALTER TABLE `country` ENABLE KEYS */;
UNLOCK TABLES;

--
-- Table structure for table `gender_target`
--

DROP TABLE IF EXISTS `gender_target`;
/*!40101 SET @saved_cs_client     = @@character_set_client */;
/*!50503 SET character_set_client = utf8mb4 */;
CREATE TABLE `gender_target` (
  `gender_target_id` int NOT NULL AUTO_INCREMENT,
  `gender_target` varchar(45) DEFAULT NULL,
  PRIMARY KEY (`gender_target_id`)
) ENGINE=InnoDB AUTO_INCREMENT=4 DEFAULT CHARSET=utf8mb3;
/*!40101 SET character_set_client = @saved_cs_client */;

--
-- Dumping data for table `gender_target`
--

LOCK TABLES `gender_target` WRITE;
/*!40000 ALTER TABLE `gender_target` DISABLE KEYS */;
INSERT INTO `gender_target` VALUES (1,'Unisex'),(2,'Female'),(3,'Male');
/*!40000 ALTER TABLE `gender_target` ENABLE KEYS */;
UNLOCK TABLES;

--
-- Table structure for table `main_ingredient`
--

DROP TABLE IF EXISTS `main_ingredient`;
/*!40101 SET @saved_cs_client     = @@character_set_client */;
/*!50503 SET character_set_client = utf8mb4 */;
CREATE TABLE `main_ingredient` (
  `main_ingredient_id` int NOT NULL AUTO_INCREMENT,
  `main_ingredient` varchar(45) DEFAULT NULL,
  PRIMARY KEY (`main_ingredient_id`)
) ENGINE=InnoDB AUTO_INCREMENT=8 DEFAULT CHARSET=utf8mb3;
/*!40101 SET character_set_client = @saved_cs_client */;

--
-- Dumping data for table `main_ingredient`
--

LOCK TABLES `main_ingredient` WRITE;
/*!40000 ALTER TABLE `main_ingredient` DISABLE KEYS */;
INSERT INTO `main_ingredient` VALUES (1,'Vitamin C'),(2,'Hyaluronic Acid'),(3,'Salicylic Acid'),(4,'Aloe Vera'),(5,'Shea Butter'),(6,'Retinol'),(7,'Glycerin');
/*!40000 ALTER TABLE `main_ingredient` ENABLE KEYS */;
UNLOCK TABLES;

--
-- Table structure for table `packaging_type`
--

DROP TABLE IF EXISTS `packaging_type`;
/*!40101 SET @saved_cs_client     = @@character_set_client */;
/*!50503 SET character_set_client = utf8mb4 */;
CREATE TABLE `packaging_type` (
  `packaging_type_id` int NOT NULL AUTO_INCREMENT,
  `packaging_type` varchar(45) DEFAULT NULL,
  PRIMARY KEY (`packaging_type_id`)
) ENGINE=InnoDB AUTO_INCREMENT=7 DEFAULT CHARSET=utf8mb3;
/*!40101 SET character_set_client = @saved_cs_client */;

--
-- Dumping data for table `packaging_type`
--

LOCK TABLES `packaging_type` WRITE;
/*!40000 ALTER TABLE `packaging_type` DISABLE KEYS */;
INSERT INTO `packaging_type` VALUES (1,'Tube'),(2,'Jar'),(3,'Stick'),(4,'Bottle'),(5,'Spray'),(6,'Compact');
/*!40000 ALTER TABLE `packaging_type` ENABLE KEYS */;
UNLOCK TABLES;

--
-- Table structure for table `product_info`
--

DROP TABLE IF EXISTS `product_info`;
/*!40101 SET @saved_cs_client     = @@character_set_client */;
/*!50503 SET character_set_client = utf8mb4 */;
CREATE TABLE `product_info` (
  `product_id` int NOT NULL,
  `product_name` varchar(45) DEFAULT NULL,
  `price_usd` varchar(45) DEFAULT NULL,
  `Rating` float DEFAULT NULL,
  `number_of_reviews` int DEFAULT NULL,
  `Product_Size_ML` int DEFAULT NULL,
  `brand_id` int NOT NULL,
  `gender_target_id` int NOT NULL,
  `packaging_type_id` int NOT NULL,
  `skin_type_id` int NOT NULL,
  `usage_frequency_id` int NOT NULL,
  `main_ingredient_id` int NOT NULL,
  `country_id` int NOT NULL,
  PRIMARY KEY (`product_id`),
  KEY `fk_product_info_brand_idx` (`brand_id`),
  KEY `fk_product_info_gender_target1_idx` (`gender_target_id`),
  KEY `fk_product_info_packaging_type1_idx` (`packaging_type_id`),
  KEY `fk_product_info_skin_type1_idx` (`skin_type_id`),
  KEY `fk_product_info_usege_frequency1_idx` (`usage_frequency_id`),
  KEY `fk_product_info_main_ingredient1_idx` (`main_ingredient_id`),
  KEY `fk_product_info_country1_idx` (`country_id`),
  CONSTRAINT `fk_product_info_brand` FOREIGN KEY (`brand_id`) REFERENCES `brand` (`Brand_id`),
  CONSTRAINT `fk_product_info_country1` FOREIGN KEY (`country_id`) REFERENCES `country` (`country_id`),
  CONSTRAINT `fk_product_info_gender_target1` FOREIGN KEY (`gender_target_id`) REFERENCES `gender_target` (`gender_target_id`),
  CONSTRAINT `fk_product_info_main_ingredient1` FOREIGN KEY (`main_ingredient_id`) REFERENCES `main_ingredient` (`main_ingredient_id`),
  CONSTRAINT `fk_product_info_packaging_type1` FOREIGN KEY (`packaging_type_id`) REFERENCES `packaging_type` (`packaging_type_id`),
  CONSTRAINT `fk_product_info_skin_type1` FOREIGN KEY (`skin_type_id`) REFERENCES `skin_type` (`skin_type_id`),
  CONSTRAINT `fk_product_info_usege_frequency1` FOREIGN KEY (`usage_frequency_id`) REFERENCES `usage_frequency` (`usage_frequency_id`)
) ENGINE=InnoDB DEFAULT CHARSET=utf8mb3;
/*!40101 SET character_set_client = @saved_cs_client */;

--
-- Dumping data for table `product_info`
--

LOCK TABLES `product_info` WRITE;
/*!40000 ALTER TABLE `product_info` DISABLE KEYS */;
INSERT INTO `product_info` VALUES (1,'Perfect Face Mask','10',4.6,4559,250,1,1,1,1,1,1,1),(2,'Divine Contour','10.03',1.7,2925,250,2,1,2,2,2,2,2),(3,'Perfect Exfoliator','10.07',4.2,1086,30,3,1,2,3,2,3,2),(4,'Magic Setting Spray','10.14',2.1,6976,200,4,2,3,3,3,4,3),(5,'Super Cleanser','10.19',3.6,4041,250,5,1,1,2,1,3,1),(6,'Divine Mascara','10.2',1.8,7814,100,6,1,1,3,2,5,4),(7,'Divine Eyeliner','10.22',2.8,1885,30,7,1,2,4,4,4,5),(8,'Super Lipstick','10.22',1.8,7462,150,3,2,2,3,1,6,1),(9,'Perfect Contour','10.22',1.7,3579,30,8,3,1,2,2,7,1),(10,'Divine Face Mask','10.22',1.6,9862,50,4,1,4,2,3,1,1),(11,'Perfect Mascara','10.22',1,1942,250,9,3,3,1,1,5,4),(12,'Magic Eyeliner','10.25',3,5924,200,10,3,3,4,4,3,6),(13,'Super Moisturizer','10.26',4.5,405,50,11,2,5,2,3,3,5),(14,'Magic Exfoliator','10.34',4.9,975,200,12,1,6,2,4,7,3),(15,'Divine Powder','10.38',2.6,3815,30,13,2,5,4,4,3,5),(16,'Perfect Eyeliner','10.39',2.1,1661,100,14,3,3,2,3,5,5),(17,'Super Cleanser','10.4',2.4,5584,100,15,2,3,5,1,1,4),(18,'Ultra Serum','10.4',2.1,1347,30,16,1,2,2,1,4,5),(19,'Super Lip Liner','10.42',4.8,5696,50,17,1,2,1,1,3,5),(20,'Divine Lipstick','10.45',1.6,5597,200,18,2,5,1,2,1,6),(21,'Super BB Cream','10.46',1,2262,200,19,1,2,5,4,3,7),(22,'Super Lip Gloss','10.48',4.7,8782,100,20,3,6,3,3,4,3),(23,'Ultra Powder','10.51',2.7,3178,30,21,1,5,3,3,5,5),(24,'Super Concealer','10.58',4,5225,100,19,3,6,5,3,7,6),(25,'Perfect BB Cream','10.59',3.7,4656,150,22,1,6,1,1,7,6),(26,'Perfect Lip Gloss','10.59',1.4,3876,200,23,1,2,1,3,5,1),(27,'Perfect Cleanser','10.59',1.1,2600,50,8,3,6,5,1,6,8),(28,'Super Eye Shadow','10.61',2.9,9735,250,24,1,1,1,4,2,6),(29,'Perfect Face Oil','10.61',1.2,3560,150,2,2,6,1,4,1,1),(30,'Magic Foundation','10.62',3.7,5923,30,7,3,4,4,3,3,4),(31,'Super Eyeliner','10.63',4.4,5894,250,21,1,6,3,3,4,7),(32,'Divine Face Mask','10.64',4.2,3208,50,24,3,4,2,3,4,1),(33,'Divine Setting Spray','10.65',2.5,4631,30,15,1,3,2,4,5,1),(34,'Ultra Primer','10.67',2.5,3207,250,25,2,5,2,1,6,8),(35,'Magic Foundation','10.69',4,5213,30,3,1,2,5,4,7,4),(36,'Perfect Eye Shadow','10.7',2.9,7079,50,25,3,6,5,4,7,7),(37,'Divine Cleanser','10.7',2.6,9765,50,8,3,5,5,2,5,4),(38,'Divine Mascara','10.74',4.3,315,100,26,2,3,5,4,3,6),(39,'Divine CC Cream','10.86',2.9,6382,30,9,3,6,3,3,1,2),(40,'Ultra Blush','10.86',2,527,250,27,3,5,2,4,5,3),(41,'Divine Bronzer','10.87',1.8,1806,30,28,1,3,5,4,2,7),(42,'Divine Primer','10.94',1.5,6647,200,7,3,2,2,2,1,3),(43,'Ultra Cleanser','10.96',4.8,5714,30,8,1,2,4,1,5,4),(44,'Ultra Contour','10.97',3.7,4343,250,29,3,3,5,4,7,6),(45,'Divine Primer','10.97',2.3,9242,30,30,2,4,4,2,2,3),(46,'Perfect Setting Spray','10.97',1.2,2235,200,28,2,6,3,3,2,7),(47,'Ultra Eye Shadow','10.99',1.4,7530,50,22,3,6,3,1,5,8),(48,'Perfect Lip Liner','11',3.8,6519,100,31,2,5,5,3,4,1),(49,'Perfect Exfoliator','11',1.9,7462,150,25,3,3,1,1,1,8),(50,'Super Powder','11',1.2,9548,30,13,3,4,2,1,3,3),(51,'Divine Blush','11.01',1.1,5755,200,32,2,1,5,1,2,2),(52,'Super Bronzer','11.04',4.2,4006,200,16,1,1,3,1,4,2),(53,'Super CC Cream','11.04',2.8,1312,200,4,2,4,1,2,7,3),(54,'Perfect Blush','11.05',4.1,3939,150,23,3,1,4,3,1,7),(55,'Super Powder','11.05',1.5,5069,30,25,2,6,2,1,7,1),(56,'Perfect CC Cream','11.07',4.1,9255,200,33,2,2,5,2,7,8),(57,'Ultra BB Cream','11.07',3.8,6881,150,34,2,6,1,2,3,5),(58,'Ultra Contour','11.07',2.6,6608,250,19,2,6,1,2,7,8),(59,'Perfect Serum','11.08',5,7100,30,33,3,1,2,1,3,1),(60,'Perfect Face Mask','11.1',4.8,356,50,12,1,2,3,1,2,8),(61,'Perfect Lip Gloss','11.11',1.8,2725,100,35,2,6,1,2,7,3),(62,'Perfect BB Cream','11.16',1.7,7255,150,19,3,1,3,4,2,6),(63,'Magic BB Cream','11.18',3.8,3541,250,36,3,1,2,1,6,3),(64,'Ultra Lip Gloss','11.18',2.9,6664,100,2,2,1,2,3,2,5),(65,'Ultra Blush','11.19',3,7588,200,24,2,5,1,4,1,6),(66,'Divine Concealer','11.2',4.3,7102,200,37,2,4,4,2,7,5),(67,'Magic Highlighter','11.2',1.4,7823,250,38,2,2,1,2,4,3),(68,'Ultra CC Cream','11.21',1.1,1778,30,14,3,1,1,3,4,7),(69,'Super Bronzer','11.22',2,9245,250,32,3,6,2,1,4,3),(70,'Magic Setting Spray','11.23',4.6,4167,50,20,3,1,1,3,2,1),(71,'Divine Makeup Remover','11.26',4.9,1176,30,15,3,5,2,1,2,3),(72,'Ultra Eye Shadow','11.28',3.2,2852,150,30,2,6,3,3,5,6),(73,'Perfect Setting Spray','11.29',1.1,963,150,29,1,3,2,4,7,7),(74,'Ultra Contour','11.29',1.1,3181,150,34,1,4,3,4,1,6),(75,'Divine Moisturizer','11.3',2.2,904,200,29,3,2,2,2,3,1),(76,'Divine Setting Spray','11.33',2.7,9706,30,31,3,5,1,2,2,7),(77,'Super Primer','11.34',1.1,1368,150,17,2,5,2,2,2,5),(78,'Super Eye Shadow','11.35',4.3,1832,150,30,1,1,3,2,7,8),(79,'Ultra Serum','11.36',2.3,8107,30,29,3,6,1,4,3,8),(80,'Perfect Blush','11.37',2.3,5069,200,39,1,6,3,2,3,1),(81,'Super Lip Liner','11.38',3,6977,50,18,1,1,3,1,2,6),(82,'Magic Serum','11.39',3.4,9975,150,21,3,1,4,4,3,1),(83,'Magic Primer','11.39',2,8138,100,29,3,4,5,4,5,4),(84,'Magic Concealer','11.41',4.5,9768,250,39,1,5,5,2,5,8),(85,'Magic BB Cream','11.44',4.2,4692,250,14,2,2,2,4,5,4),(86,'Ultra Lipstick','11.44',1.8,3305,250,38,3,2,1,4,3,2),(87,'Magic Setting Spray','11.46',2.2,2824,200,12,1,5,2,1,7,6),(88,'Magic Lip Gloss','11.47',4.8,599,250,23,2,4,2,3,4,6),(89,'Divine Eye Shadow','11.48',4,5097,30,28,2,2,2,4,1,1),(90,'Perfect Lip Liner','11.48',1.8,8300,50,28,2,3,4,3,7,7),(91,'Perfect Contour','11.52',2.9,9608,150,13,1,5,4,2,1,7),(92,'Divine Highlighter','11.54',2.7,9541,50,20,1,5,4,3,3,1),(93,'Magic Lip Gloss','11.54',1.7,5488,30,23,3,1,2,1,6,2),(94,'Ultra Eye Shadow','11.55',3.3,8578,150,19,3,4,5,2,6,5),(95,'Magic Bronzer','11.58',1.8,115,250,26,1,2,2,3,1,5),(96,'Divine Lip Gloss','11.59',3.1,7036,30,27,2,1,4,4,2,3),(97,'Magic Exfoliator','11.6',4.5,5684,250,35,2,6,3,3,2,1),(98,'Perfect Eyeliner','11.6',3.6,1319,30,9,2,4,5,3,5,7),(99,'Divine Concealer','11.61',1.4,7513,250,30,2,6,1,1,1,6),(100,'Super Setting Spray','11.62',2.8,2085,200,8,2,1,5,3,4,4),(101,'Magic Eye Shadow','11.63',2.2,1767,150,27,3,3,5,2,6,6),(102,'Perfect Lip Gloss','11.63',2,3838,200,2,2,3,5,1,7,1),(103,'Magic Foundation','11.64',5,1125,30,36,3,3,3,4,1,6),(104,'Divine Exfoliator','11.64',4.3,8393,200,13,3,1,2,4,1,8),(105,'Divine Lipstick','11.64',2,2346,30,19,1,4,5,1,4,3),(106,'Ultra Face Mask','11.68',4.3,1618,100,12,1,6,2,2,5,7),(107,'Magic Lip Gloss','11.77',5,7306,150,16,2,2,2,4,6,1),(108,'Ultra Setting Spray','11.77',1.1,4364,200,32,1,2,2,3,3,8),(109,'Magic BB Cream','11.78',1.2,6148,50,9,1,5,2,4,6,6),(110,'Ultra Lip Liner','11.79',5,273,50,7,2,2,3,3,7,6),(111,'Perfect Bronzer','11.79',2.4,5536,200,9,1,1,4,4,7,3),(112,'Super Foundation','11.8',2.7,1921,250,6,2,3,3,3,2,6),(113,'Magic Makeup Remover','11.81',3.5,8712,50,16,2,6,1,1,4,8),(114,'Super Face Mask','11.83',3.1,2448,100,31,2,5,3,3,1,3),(115,'Perfect Mascara','11.84',3.5,5147,150,25,2,3,2,2,3,5),(116,'Ultra Eye Shadow','11.86',1.7,417,200,8,3,3,2,2,2,6),(117,'Ultra Exfoliator','11.87',2.9,542,30,25,3,1,2,4,6,5),(118,'Perfect Face Oil','11.9',4.5,2458,150,18,2,4,3,4,7,1),(119,'Divine Contour','11.92',4,8662,50,25,2,4,5,1,4,8),(120,'Super Primer','11.93',3.6,7234,50,23,3,5,1,4,1,8),(121,'Ultra Lip Gloss','11.99',1.9,4931,50,33,2,1,2,1,7,8),(122,'Ultra Eyeliner','12',3.8,70,50,25,2,6,2,3,5,4),(123,'Perfect Moisturizer','12.01',3.9,788,250,8,2,6,2,2,5,2),(124,'Super Setting Spray','12.01',2.9,2463,100,6,3,6,3,2,2,4),(125,'Super Mascara','12.04',2.6,249,250,10,1,5,1,2,7,7),(126,'Divine Concealer','12.05',4.7,341,200,5,1,4,3,3,1,3),(127,'Magic Eyeliner','12.05',3,9405,250,20,2,3,1,1,2,2),(128,'Magic Concealer','12.08',3.7,6139,50,6,3,5,2,3,4,5),(129,'Perfect Blush','12.11',5,537,100,10,3,2,4,2,5,7),(130,'Divine Lip Gloss','12.11',4.1,3486,30,5,2,5,4,3,2,7),(131,'Magic Face Oil','12.12',5,3329,50,26,1,3,5,3,1,3),(132,'Divine Exfoliator','12.12',3.9,9625,250,23,3,6,3,2,3,8),(133,'Super CC Cream','12.23',2.6,8270,100,23,2,4,1,1,5,4),(134,'Divine Moisturizer','12.24',2.6,7870,250,25,1,2,4,1,2,2),(135,'Perfect Lip Gloss','12.25',4.8,8525,50,19,2,5,1,3,3,1),(136,'Ultra Moisturizer','12.25',1.3,1494,250,23,2,5,1,4,1,8),(137,'Super Eyeliner','12.27',3.8,2014,200,10,1,4,2,1,2,8),(138,'Magic Face Mask','12.32',1.8,9196,30,24,2,5,5,2,5,5),(139,'Super Setting Spray','12.33',2.9,3890,200,17,1,3,3,1,5,1),(140,'Divine Powder','12.36',5,5561,250,4,2,3,5,1,4,8),(141,'Magic Exfoliator','12.36',3,5111,250,40,3,4,3,1,7,7),(142,'Magic Concealer','12.36',1.2,3746,250,30,2,5,3,4,5,7),(143,'Ultra Moisturizer','12.4',3.3,2061,50,3,3,5,4,2,7,4),(144,'Magic Setting Spray','12.42',5,280,200,24,1,3,5,1,4,8),(145,'Magic BB Cream','12.45',4.6,72,100,15,3,3,1,2,4,7),(146,'Super Blush','12.49',2.5,9570,150,21,3,2,3,1,4,5),(147,'Perfect Face Mask','12.57',4.4,6377,150,10,3,1,3,3,5,1),(148,'Divine Lip Liner','12.58',4.3,1598,100,37,1,2,2,1,6,3),(149,'Perfect Highlighter','12.61',1.6,7728,100,4,1,1,5,1,1,1),(150,'Divine Serum','12.66',1.8,1857,50,21,1,6,1,2,1,8),(151,'Perfect Mascara','12.67',3.1,2454,30,9,2,6,5,4,4,3),(152,'Ultra Blush','12.7',2.4,2141,150,16,3,5,3,4,1,6),(153,'Magic BB Cream','12.72',1,5457,250,30,2,5,3,4,1,3),(154,'Divine Face Oil','12.73',1.5,6494,200,21,2,3,5,4,7,4),(155,'Perfect Contour','12.74',2.1,3913,100,29,3,4,5,4,3,8),(156,'Ultra Face Oil','12.76',1.5,1521,200,18,1,6,4,1,2,1),(157,'Divine Highlighter','12.78',1.3,1901,250,22,3,1,3,4,2,1),(158,'Magic Mascara','12.79',4.4,5212,200,20,2,6,5,3,4,1),(159,'Divine Cleanser','12.85',3,3208,200,32,2,2,3,4,2,1),(160,'Divine Foundation','12.86',1.6,9021,30,35,1,6,3,2,1,5),(161,'Ultra Blush','12.89',4.3,7830,150,35,3,1,4,3,2,7),(162,'Super Exfoliator','12.9',2.2,4001,250,4,2,3,4,1,1,5),(163,'Ultra Mascara','12.92',3.7,1525,50,29,2,1,1,4,6,1),(164,'Perfect Face Mask','12.92',2.6,2629,250,40,2,1,2,1,5,4),(165,'Magic Powder','12.95',4.4,5202,100,29,1,2,1,2,4,5),(166,'Divine Setting Spray','12.96',4.2,3549,250,11,1,4,3,1,1,2),(167,'Ultra CC Cream','12.98',2.5,4772,50,26,3,5,4,2,4,7),(168,'Perfect Lip Gloss','13',4.9,7326,200,29,1,5,4,3,7,1),(169,'Perfect Eye Shadow','13',4.5,5098,150,11,1,3,4,4,3,5),(170,'Ultra Contour','13.02',4.4,1898,30,27,2,6,4,1,3,2),(171,'Magic Setting Spray','13.04',1.9,4256,50,22,1,1,2,3,7,5),(172,'Magic Powder','13.07',2.2,9806,250,38,3,1,3,3,6,7),(173,'Divine Lipstick','13.1',3.4,5954,30,31,1,6,5,2,7,7),(174,'Ultra Makeup Remover','13.1',3.4,786,150,7,1,2,3,2,6,2),(175,'Magic Foundation','13.1',3.2,1215,200,38,3,1,4,3,7,2),(176,'Divine Primer','13.1',1.3,6561,200,14,3,3,4,3,4,4),(177,'Ultra Primer','13.11',3.3,3599,150,5,2,3,4,4,6,3),(178,'Magic Face Mask','13.14',1.2,1925,100,15,3,5,4,2,4,7),(179,'Ultra Foundation','13.15',1.6,248,200,30,2,5,3,1,1,4),(180,'Divine Concealer','13.16',4.6,1494,200,13,3,4,5,4,6,5),(181,'Super Lipstick','13.17',1.7,2523,30,5,2,1,2,2,7,3),(182,'Perfect Makeup Remover','13.19',3.1,3797,200,29,1,5,3,3,2,8),(183,'Ultra Highlighter','13.21',3,1295,50,18,3,1,4,4,3,1),(184,'Super Powder','13.26',3.8,234,150,5,2,6,1,4,2,5),(185,'Magic Lipstick','13.28',1.4,8668,250,40,1,1,5,3,5,1),(186,'Magic Cleanser','13.29',2.6,6332,250,11,2,4,5,3,2,5),(187,'Magic BB Cream','13.29',1.5,1534,200,35,1,6,1,1,3,6),(188,'Divine Serum','13.32',3.3,144,50,37,3,2,2,3,6,6),(189,'Magic Concealer','13.32',2.1,1826,250,17,3,6,4,3,6,8),(190,'Perfect Powder','13.34',4.7,5338,50,27,3,5,1,3,5,7),(191,'Ultra Eye Shadow','13.37',4.4,5563,100,6,1,4,2,4,3,5),(192,'Super Highlighter','13.37',3.1,3147,150,36,1,3,4,1,1,8),(193,'Magic Cleanser','13.37',3,2144,100,1,3,3,5,2,3,4),(194,'Perfect Face Oil','13.38',4.8,3560,150,5,1,5,4,1,3,2),(195,'Divine BB Cream','13.38',2.7,3191,150,16,3,5,3,3,3,8),(196,'Ultra Eye Shadow','13.39',1.8,4935,200,3,1,6,4,2,2,6),(197,'Perfect Mascara','13.42',1.3,6389,50,36,2,2,4,3,7,7),(198,'Magic BB Cream','13.42',1.2,6436,200,37,1,2,3,2,7,5),(199,'Super Concealer','13.46',3.1,2723,250,30,2,2,3,1,4,2),(200,'Magic Lip Liner','13.47',2.8,4813,100,1,1,2,5,2,6,4),(201,'Perfect Moisturizer','13.48',3.8,7598,50,33,2,6,5,1,5,7),(202,'Perfect Highlighter','13.52',1.2,6352,150,22,2,6,4,1,5,7),(203,'Perfect Moisturizer','13.54',3.8,6406,150,32,3,6,4,1,7,8),(204,'Ultra Blush','13.58',1.5,731,100,18,3,6,3,1,4,7),(205,'Ultra Makeup Remover','13.6',3.7,7635,250,9,1,3,4,4,5,2),(206,'Magic Eyeliner','13.63',4.7,5472,50,24,2,5,5,4,6,8),(207,'Ultra Moisturizer','13.63',4.3,8965,30,28,3,4,2,4,7,6),(208,'Magic Powder','13.65',4.8,2897,50,39,1,4,1,2,5,1),(209,'Ultra Makeup Remover','13.69',3.3,3722,50,26,1,1,5,3,3,4),(210,'Magic Face Oil','13.71',4.4,7573,150,21,3,6,2,2,5,4),(211,'Magic Bronzer','13.73',4.9,7768,100,33,3,4,1,1,5,3),(212,'Divine Lip Gloss','13.75',4.7,8718,30,4,3,3,3,2,6,5),(213,'Ultra Moisturizer','13.77',2.2,2374,30,31,3,4,5,2,7,4),(214,'Ultra Setting Spray','13.81',4.4,3963,100,26,3,3,4,4,4,8),(215,'Perfect Blush','13.81',3.7,1640,200,6,1,6,4,3,3,2),(216,'Perfect Eyeliner','13.82',1.5,8268,30,5,1,4,1,2,7,8),(217,'Super Blush','13.83',3.7,3864,30,37,2,3,1,1,2,7),(218,'Perfect Concealer','13.83',3.6,803,250,16,1,1,3,2,6,1),(219,'Perfect Face Mask','13.84',3.5,2248,100,25,3,6,4,1,5,3),(220,'Ultra Mascara','13.84',1.9,7371,250,12,1,4,1,1,5,2),(221,'Divine Setting Spray','13.87',2.8,8076,50,19,3,1,2,2,4,3),(222,'Magic Face Oil','13.87',2,3364,100,26,1,4,5,1,4,2),(223,'Magic BB Cream','13.88',1.1,7947,100,16,3,1,3,2,3,8),(224,'Divine Cleanser','13.89',1.5,9518,200,33,2,4,5,1,1,6),(225,'Divine CC Cream','13.9',4.9,4969,250,18,2,5,2,2,3,2),(226,'Ultra Face Oil','13.9',3.6,262,100,27,3,3,5,1,4,3),(227,'Ultra CC Cream','13.93',4.9,3958,100,8,3,3,2,4,5,8),(228,'Magic Blush','13.97',3.1,8783,50,13,1,6,3,3,3,2),(229,'Ultra Foundation','14',4.3,5746,250,11,2,4,1,4,5,3),(230,'Super CC Cream','14',2.2,2492,30,39,1,2,5,2,2,8),(231,'Super CC Cream','14.02',4.5,4234,30,37,2,6,1,1,3,1),(232,'Super Eye Shadow','14.05',2.1,3568,30,7,3,2,5,4,7,6),(233,'Perfect Bronzer','14.05',1.9,2355,30,28,1,5,4,2,6,5),(234,'Super Setting Spray','14.05',1.1,3563,30,36,2,2,3,3,5,8),(235,'Perfect Setting Spray','14.09',2.1,5893,200,1,1,5,4,4,4,2),(236,'Ultra Exfoliator','14.11',3.3,687,150,9,3,3,4,1,4,5),(237,'Divine Lip Liner','14.17',1.2,9434,30,16,2,2,2,1,4,2),(238,'Perfect Makeup Remover','14.18',2.7,3372,30,30,3,4,1,2,4,3),(239,'Ultra CC Cream','14.19',2.8,7562,50,5,1,3,5,4,5,5),(240,'Divine Primer','14.2',1.8,5495,250,26,3,6,1,1,7,8),(241,'Super Powder','14.22',2.9,2070,150,4,2,6,4,4,5,7),(242,'Ultra Contour','14.22',2.7,2534,100,36,2,1,2,3,2,7),(243,'Magic Serum','14.26',1.5,1336,250,37,1,3,1,1,6,5),(244,'Super Concealer','14.3',3.7,9430,30,34,3,1,2,4,6,1),(245,'Super Makeup Remover','14.31',3.4,1536,150,12,3,2,4,3,7,4),(246,'Ultra Cleanser','14.32',3.7,1273,150,3,1,5,3,3,4,5),(247,'Perfect Blush','14.34',2.9,6582,250,19,2,4,3,3,6,3),(248,'Super Mascara','14.35',4.1,4508,200,3,2,1,4,4,5,6),(249,'Divine Face Mask','14.35',3.2,4498,150,2,1,6,4,4,7,1),(250,'Ultra Lipstick','14.35',1.5,2241,100,32,1,2,2,1,3,5),(251,'Ultra Highlighter','14.36',5,7957,200,18,2,2,1,4,5,7),(252,'Ultra Bronzer','14.37',3.5,1074,50,3,3,6,3,2,3,8),(253,'Perfect Lip Gloss','14.4',3.7,6957,30,3,1,3,3,4,7,6),(254,'Divine Blush','14.4',3.3,3829,200,22,1,2,3,2,5,2),(255,'Divine CC Cream','14.4',1.4,3009,150,19,2,3,3,2,1,4),(256,'Super Mascara','14.43',4.7,9739,50,14,3,2,4,3,1,4),(257,'Ultra Powder','14.44',4.5,7338,150,9,2,4,3,2,6,2),(258,'Ultra Bronzer','14.45',3.5,9158,150,17,2,5,3,4,3,7),(259,'Perfect Concealer','14.48',2.6,3554,100,19,2,5,3,4,2,8),(260,'Perfect Mascara','14.51',2.1,1770,50,14,3,3,5,1,2,4),(261,'Super Blush','14.52',3.8,6198,250,5,3,4,2,4,3,4),(262,'Ultra Face Oil','14.55',3.4,7387,100,18,2,3,4,1,4,2),(263,'Super Concealer','14.55',3.4,6798,250,11,1,4,4,4,1,4),(264,'Perfect Setting Spray','14.56',1.6,639,100,4,2,5,2,1,4,3),(265,'Divine Bronzer','14.59',1.3,1631,30,33,3,6,3,4,5,1),(266,'Magic Lip Liner','14.64',4.1,5983,200,37,1,1,4,3,7,1),(267,'Perfect Eyeliner','14.64',1.4,8934,250,21,3,2,5,2,7,1),(268,'Super Face Mask','14.71',3.8,6652,30,13,1,1,4,3,7,4),(269,'Perfect CC Cream','14.73',1.4,3896,30,27,2,1,2,3,1,7),(270,'Divine Exfoliator','14.74',1.5,3799,200,8,1,3,2,3,5,6),(271,'Ultra Lip Gloss','14.76',3.1,9913,250,33,3,2,3,1,6,2),(272,'Perfect Lip Gloss','14.78',3,6756,100,4,2,2,4,2,3,2),(273,'Perfect Moisturizer','14.89',3.1,3101,200,32,1,3,2,1,4,3),(274,'Magic Primer','14.9',4.1,8781,100,14,1,1,2,3,6,4),(275,'Perfect Bronzer','14.9',1.6,916,250,23,1,2,3,4,3,7),(276,'Divine Face Mask','14.9',1.4,1469,100,2,1,6,2,1,3,1),(277,'Ultra BB Cream','14.92',1.2,2413,200,38,2,1,1,1,1,5),(278,'Magic Exfoliator','14.98',4.7,7015,250,7,3,1,1,4,6,6),(279,'Ultra Blush','15.01',4.1,5625,150,7,3,6,3,1,5,4),(280,'Magic Cleanser','15.02',3.2,3450,150,17,1,2,4,4,4,2),(281,'Ultra Bronzer','15.03',2.1,8649,50,35,1,3,5,3,5,8),(282,'Divine Face Oil','15.06',4.7,670,150,22,1,4,1,2,7,1),(283,'Perfect CC Cream','15.07',2.5,8219,100,1,2,3,4,1,3,1),(284,'Ultra Lip Gloss','15.07',1,5755,250,2,1,2,2,2,2,1),(285,'Magic Lipstick','15.08',2.6,2096,200,3,2,4,2,4,5,8),(286,'Divine Face Mask','15.12',1.4,1080,200,33,3,2,1,2,3,1),(287,'Ultra Setting Spray','15.13',4.7,4374,150,2,2,5,4,4,1,1),(288,'Super Serum','15.13',1.5,6183,250,16,3,3,4,2,6,3),(289,'Ultra Bronzer','15.17',2.8,3111,200,4,2,4,5,4,5,7),(290,'Perfect Makeup Remover','15.18',4.9,2805,150,38,2,1,3,1,6,4),(291,'Magic Face Mask','15.18',3,8799,30,18,2,2,1,4,4,2),(292,'Magic Serum','15.21',3.3,4329,150,8,3,4,2,3,7,3),(293,'Perfect Contour','15.24',1.7,8445,200,38,3,3,2,2,3,4),(294,'Magic Foundation','15.3',3.3,7211,200,34,2,5,2,4,5,6),(295,'Ultra Face Mask','15.36',4.9,5936,200,21,3,1,1,3,1,5),(296,'Ultra Blush','15.36',1.5,2461,150,19,2,4,3,2,4,6),(297,'Magic Concealer','15.36',1.3,3010,30,4,1,5,2,4,4,5),(298,'Ultra Bronzer','15.38',2.9,470,200,27,2,1,2,1,4,8),(299,'Magic Eyeliner','15.39',4.8,7742,150,5,1,1,1,2,2,2),(300,'Ultra Concealer','15.43',4.8,6857,250,3,1,1,1,4,5,6),(301,'Divine Lipstick','15.43',1.8,5201,50,1,1,3,1,1,7,7),(302,'Ultra Bronzer','15.54',1.5,3675,150,24,3,5,4,4,7,3),(303,'Super Primer','15.57',2.5,172,50,26,1,6,5,2,6,3),(304,'Divine Setting Spray','15.58',1.8,7291,30,2,2,1,4,1,3,8),(305,'Perfect Setting Spray','15.61',4.5,1738,30,24,3,3,3,2,6,6),(306,'Ultra Makeup Remover','15.62',3.4,2140,250,15,1,2,4,2,1,8),(307,'Ultra Cleanser','15.63',1.5,6974,250,13,2,1,3,4,3,8),(308,'Super Cleanser','15.64',2.3,1407,150,5,2,1,2,1,1,5),(309,'Super Face Mask','15.66',4.8,8570,200,21,1,4,2,3,1,1),(310,'Ultra Moisturizer','15.66',4.4,9542,100,34,2,3,4,1,1,8),(311,'Ultra Concealer','15.7',4.5,6783,30,26,3,6,4,4,3,4),(312,'Super Primer','15.7',3.6,6987,150,10,3,3,3,2,5,4),(313,'Magic Blush','15.72',2.9,3386,100,7,2,1,5,2,5,8),(314,'Ultra Serum','15.73',2.1,2588,200,13,2,5,4,4,5,5),(315,'Perfect Setting Spray','15.81',3.1,3224,100,34,2,3,2,4,4,3),(316,'Super Cleanser','15.82',2.6,6060,30,7,3,3,1,3,6,7),(317,'Magic Concealer','15.83',4,1193,250,10,2,6,5,4,3,5),(318,'Perfect BB Cream','15.83',3.5,7966,100,40,2,2,2,2,5,4),(319,'Perfect Mascara','15.84',4.9,2059,250,12,2,6,4,3,1,5),(320,'Divine Eyeliner','15.84',4,4706,50,33,1,3,2,4,1,3),(321,'Magic Contour','15.85',2.7,2421,200,12,1,3,4,2,2,5),(322,'Perfect Eye Shadow','15.93',4.5,1746,30,23,1,2,5,2,4,3),(323,'Super Setting Spray','15.95',4.8,7728,30,17,1,5,3,4,2,2),(324,'Magic Primer','15.95',2.6,1133,150,3,3,4,3,2,1,3),(325,'Divine Eye Shadow','15.96',4.5,74,250,3,3,4,4,1,5,1),(326,'Divine Serum','15.96',1.2,8879,30,28,3,2,1,2,7,3),(327,'Magic Powder','15.98',4.1,5809,250,37,1,2,4,2,5,4),(328,'Perfect Contour','15.99',2.7,9636,100,2,3,3,2,1,7,5),(329,'Magic CC Cream','16.01',3.8,5160,100,26,3,6,2,2,5,1),(330,'Super Cleanser','16.08',4.6,4308,150,3,1,5,3,3,3,6),(331,'Ultra Moisturizer','16.1',1.7,6859,50,16,3,2,5,2,7,6),(332,'Perfect Lip Liner','16.13',2.6,381,30,24,2,4,1,2,3,4),(333,'Perfect Bronzer','16.16',1.9,9907,250,2,2,1,4,3,1,5),(334,'Ultra Foundation','16.21',2.3,1054,100,2,1,6,4,3,2,4),(335,'Divine Face Oil','16.23',4.2,6077,250,35,2,4,4,2,2,4),(336,'Ultra Eye Shadow','16.24',1.1,2545,200,19,1,2,1,2,5,2),(337,'Divine Eye Shadow','16.25',2.6,3972,50,2,2,2,5,1,2,7),(338,'Magic Bronzer','16.26',4.5,1273,30,37,2,3,1,2,7,7),(339,'Perfect Setting Spray','16.27',2.1,2094,50,40,3,2,1,4,7,7),(340,'Super Eye Shadow','16.28',1.5,9282,100,40,1,2,5,1,1,4),(341,'Super Mascara','16.32',3.1,925,50,11,1,3,2,4,6,3),(342,'Super Mascara','16.36',4.9,1690,250,5,3,3,2,1,1,4),(343,'Magic Bronzer','16.36',2.4,8789,250,21,3,4,2,4,6,8),(344,'Magic BB Cream','16.4',3.8,9712,150,21,3,1,5,1,5,4),(345,'Super Highlighter','16.42',3.2,8921,50,10,3,2,1,1,1,6),(346,'Ultra Powder','16.47',2.8,2980,250,13,3,4,4,1,4,1),(347,'Magic Highlighter','16.55',4.3,5558,150,33,3,3,5,1,4,5),(348,'Ultra Contour','16.55',2.1,2160,50,6,1,2,1,3,5,1),(349,'Super Exfoliator','16.59',2.3,2859,50,13,3,4,5,2,6,6),(350,'Magic Lipstick','16.6',1.1,636,150,11,2,2,4,4,3,4),(351,'Magic Setting Spray','16.62',1.5,8991,30,10,2,1,3,4,2,3),(352,'Perfect Contour','16.64',3.7,2358,200,20,3,5,5,1,2,6),(353,'Super Face Oil','16.65',3.5,7994,250,14,2,1,3,3,6,3),(354,'Magic Contour','16.65',1.9,5474,50,25,2,2,2,4,1,1),(355,'Super Contour','16.67',2.8,951,100,37,3,2,5,2,7,8),(356,'Divine Foundation','16.71',3.7,5278,200,30,3,3,3,1,4,1),(357,'Ultra Powder','16.72',3.1,5130,150,32,3,3,1,3,3,2),(358,'Divine Lip Gloss','16.73',1.3,382,100,24,3,6,2,4,4,4),(359,'Ultra Mascara','16.75',3.2,2584,150,3,2,4,2,1,2,3),(360,'Super Mascara','16.75',2.3,7286,200,13,3,6,3,1,2,1),(361,'Super Face Oil','16.76',4,9722,30,13,3,6,3,2,5,8),(362,'Divine Lip Gloss','16.77',5,2555,50,13,2,3,1,2,7,3),(363,'Magic Lip Gloss','16.78',1.1,1987,250,23,3,2,2,1,2,4),(364,'Ultra Concealer','16.81',1.8,3283,200,36,1,3,4,1,7,2),(365,'Ultra Setting Spray','16.82',3.5,3195,30,38,3,6,4,2,7,3),(366,'Divine Contour','16.83',1.1,5270,30,6,1,1,2,2,4,7),(367,'Super Lipstick','16.84',4.9,8003,30,22,1,1,3,1,1,5),(368,'Perfect Powder','16.85',1.8,7314,100,33,1,2,4,4,4,2),(369,'Magic Cleanser','16.86',2.1,7756,150,1,1,5,1,2,1,7),(370,'Perfect Setting Spray','16.86',1.2,1232,50,6,2,2,5,2,2,2),(371,'Super Setting Spray','16.87',1.2,4239,30,23,2,2,3,4,6,2),(372,'Super Setting Spray','16.88',2.8,2671,100,3,2,3,2,3,4,3),(373,'Super Highlighter','16.9',1.8,8208,250,29,2,6,2,2,5,4),(374,'Perfect Exfoliator','16.92',3.7,8957,30,38,2,3,3,1,4,4),(375,'Super Cleanser','16.94',1.4,2116,200,17,3,2,3,2,3,4),(376,'Super Concealer','16.95',1.5,3628,150,7,1,1,3,3,1,7),(377,'Perfect Mascara','16.96',4.4,5814,150,24,1,2,2,3,1,3),(378,'Super Face Mask','17.01',2.9,7265,150,34,2,4,3,1,4,6),(379,'Perfect Blush','17.01',1.9,4600,200,34,3,2,2,2,7,6),(380,'Divine Serum','17.02',1.6,842,150,13,2,2,4,4,7,1),(381,'Divine Highlighter','17.03',3.3,8161,30,25,2,4,5,1,1,8),(382,'Perfect Mascara','17.03',2.5,9648,200,3,3,3,3,1,2,3),(383,'Ultra Exfoliator','17.04',4.5,6960,30,32,3,4,3,1,4,7),(384,'Super Highlighter','17.08',2.5,9318,150,37,3,2,4,2,3,1),(385,'Super Concealer','17.11',4,1488,50,2,1,2,3,1,6,8),(386,'Super Face Mask','17.15',4.4,9038,250,30,1,2,4,3,3,5),(387,'Ultra Blush','17.15',2.2,4191,250,22,1,3,1,4,4,2),(388,'Super Bronzer','17.15',1.1,9009,50,11,2,6,1,4,6,6),(389,'Magic Foundation','17.18',2,3577,30,19,2,5,2,1,7,3),(390,'Magic Lip Liner','17.19',2.1,3134,100,21,3,2,5,3,6,4),(391,'Magic BB Cream','17.2',2.3,1592,30,20,2,3,2,2,6,2),(392,'Divine Concealer','17.22',4.3,1827,100,18,2,3,3,2,7,2),(393,'Magic Lip Gloss','17.24',2.4,2546,100,39,3,6,4,3,7,8),(394,'Perfect CC Cream','17.37',1.7,1609,150,4,1,6,1,1,7,5),(395,'Divine Lip Liner','17.41',2.1,4629,50,14,3,6,4,1,4,2),(396,'Divine Foundation','17.45',4.2,5691,50,9,2,6,1,3,5,5),(397,'Divine Exfoliator','17.52',3.4,3089,150,10,1,2,2,3,7,7),(398,'Magic Powder','17.57',1.1,547,30,20,2,5,3,2,2,8),(399,'Ultra Highlighter','17.62',4,1565,150,20,1,5,2,3,3,2),(400,'Magic Contour','17.65',2.2,857,250,35,2,2,5,2,4,4),(401,'Divine Moisturizer','17.66',3.9,1265,50,8,3,4,2,4,1,5),(402,'Super Eye Shadow','17.68',2.2,4775,100,25,3,2,2,2,5,2),(403,'Divine Setting Spray','17.7',4.2,6680,250,3,1,1,3,3,6,5),(404,'Super Makeup Remover','17.71',1.9,2126,50,27,3,6,4,4,2,8),(405,'Divine Makeup Remover','17.72',1.2,5894,30,7,2,4,3,2,1,1),(406,'Super Lipstick','17.75',1,4449,150,3,3,5,3,4,5,3),(407,'Perfect Face Oil','17.76',4.7,9223,150,20,1,6,4,4,6,4),(408,'Divine Serum','17.79',5,8271,50,31,3,3,5,1,7,7),(409,'Divine Face Mask','17.8',4.6,6044,200,3,2,2,2,3,4,8),(410,'Super CC Cream','17.82',4.2,2019,250,16,1,2,2,2,6,4),(411,'Ultra Face Mask','17.83',1.5,4937,50,19,1,5,3,1,2,5),(412,'Magic Foundation','17.84',3.1,9601,250,37,3,3,5,1,7,7),(413,'Ultra Mascara','17.87',3.1,3794,50,12,3,3,1,4,6,3),(414,'Ultra BB Cream','17.88',2.8,1262,30,1,1,3,4,1,3,8),(415,'Super CC Cream','17.88',2.2,1410,30,21,1,2,4,3,5,1),(416,'Ultra Eye Shadow','17.89',3.6,4035,100,33,3,3,5,2,1,7),(417,'Perfect Serum','17.89',3,1052,50,5,1,4,2,4,5,4),(418,'Ultra Contour','17.9',3.3,1633,100,20,2,5,4,2,5,1),(419,'Perfect Highlighter','17.91',3.7,8718,30,19,2,4,5,4,5,1),(420,'Super Setting Spray','17.91',3,545,250,17,1,6,3,2,3,5),(421,'Magic Exfoliator','17.92',1.9,3839,150,24,1,4,2,1,2,4),(422,'Super Bronzer','17.95',3.4,7362,100,13,1,4,4,1,3,5),(423,'Super Foundation','17.99',1.8,1506,30,32,2,1,5,4,2,2),(424,'Divine Serum','18.03',3.7,3001,30,4,2,1,4,4,3,1),(425,'Super Cleanser','18.03',2.3,7650,250,37,1,4,5,4,5,4),(426,'Ultra Cleanser','18.03',1.3,3681,150,19,2,1,3,1,1,1),(427,'Super Serum','18.04',4.5,9347,50,3,3,1,1,1,5,5),(428,'Magic BB Cream','18.09',4.1,7194,50,11,2,2,2,2,5,7),(429,'Perfect Eye Shadow','18.09',2.7,6262,100,20,2,3,3,3,4,4),(430,'Super Eyeliner','18.12',1.8,516,200,37,1,4,2,1,1,8),(431,'Perfect Mascara','18.13',2.3,4288,30,24,3,4,2,4,3,6),(432,'Super Bronzer','18.16',4.6,7541,100,28,3,2,4,4,6,3),(433,'Super Lipstick','18.2',2.3,5088,250,26,3,2,1,2,4,5),(434,'Super CC Cream','18.2',2.1,4613,50,36,3,4,1,3,6,5),(435,'Divine Contour','18.23',1.3,7160,150,12,1,6,4,2,5,6),(436,'Ultra Highlighter','18.3',4.7,6926,150,27,2,4,3,4,1,6),(437,'Divine Primer','18.3',1.5,7630,250,14,1,6,3,3,6,4),(438,'Perfect Serum','18.31',4.3,1331,100,35,1,4,1,2,4,2),(439,'Perfect CC Cream','18.35',4.2,314,200,31,1,1,3,2,4,6),(440,'Divine Bronzer','18.43',3.6,4828,30,9,2,3,2,2,4,3),(441,'Divine Contour','18.43',3.4,2992,100,19,3,5,5,3,1,5),(442,'Divine Powder','18.46',4.8,9269,250,11,1,1,4,3,4,7),(443,'Magic CC Cream','18.46',1.2,9381,100,17,3,1,3,2,3,7),(444,'Perfect Lipstick','18.49',3.5,9178,150,31,1,6,5,3,4,1),(445,'Divine Powder','18.49',1.4,4572,250,1,3,6,1,2,1,6),(446,'Ultra Cleanser','18.5',1.7,8347,100,11,2,6,4,4,3,8),(447,'Ultra Exfoliator','18.52',4.9,7160,100,35,3,2,1,1,1,4),(448,'Ultra Makeup Remover','18.54',2.7,8926,30,4,3,1,2,2,6,3),(449,'Perfect Makeup Remover','18.57',3,339,100,32,1,4,1,1,7,3),(450,'Ultra Cleanser','18.57',1.4,222,50,31,3,4,2,2,5,5),(451,'Super Setting Spray','18.59',4.5,5429,250,33,1,5,2,1,3,8),(452,'Divine Moisturizer','18.6',3.3,6046,50,27,1,6,2,4,4,7),(453,'Perfect Eye Shadow','18.63',3,5063,30,6,1,4,4,2,6,6),(454,'Ultra Setting Spray','18.68',2.7,5508,50,32,3,6,5,1,5,4),(455,'Divine CC Cream','18.69',4.5,4144,200,12,2,2,5,2,7,5),(456,'Divine Contour','18.69',4.4,9985,50,34,3,4,1,4,7,8),(457,'Magic Powder','18.69',1.7,1129,100,5,3,1,1,1,5,6),(458,'Ultra Primer','18.71',1.3,2805,200,1,1,3,1,1,4,3),(459,'Super Highlighter','18.72',4.4,9639,30,9,3,2,3,3,7,7),(460,'Ultra Eyeliner','18.74',4.5,5278,200,30,3,2,4,2,7,5),(461,'Super Lip Gloss','18.76',2.4,2838,100,39,3,6,1,1,7,1),(462,'Perfect Mascara','18.78',3.8,1849,50,38,3,1,5,1,2,3),(463,'Magic Foundation','18.83',4.2,8812,150,12,3,3,1,1,2,2),(464,'Magic Lipstick','18.83',3.7,3083,50,17,3,5,5,1,6,6),(465,'Super Mascara','18.87',2.1,1941,50,5,3,4,4,2,7,8),(466,'Magic Concealer','18.89',4.9,7054,150,2,2,1,3,1,7,1),(467,'Divine Serum','18.93',3.1,6253,50,16,1,5,1,3,3,3),(468,'Ultra Concealer','18.94',4.6,5523,30,27,2,2,1,4,4,6),(469,'Magic Blush','18.97',4.1,5818,150,28,1,5,3,3,5,7),(470,'Ultra BB Cream','18.97',1.9,8206,250,8,1,2,1,1,5,5),(471,'Magic Mascara','18.98',1.7,713,50,25,1,5,4,2,7,7),(472,'Magic Serum','18.99',3.7,8762,150,4,1,3,1,2,7,1),(473,'Magic Bronzer','19',2.6,6650,150,9,1,1,1,2,3,6),(474,'Divine Primer','19.01',4.5,5112,30,32,3,3,4,2,6,2),(475,'Super Blush','19.03',1.8,2921,250,38,1,4,5,4,4,4),(476,'Super Makeup Remover','19.09',2.4,6370,100,6,1,6,3,1,6,6),(477,'Perfect Mascara','19.1',3.6,2105,100,33,2,5,3,4,4,4),(478,'Ultra Powder','19.1',3.5,1200,100,15,3,4,3,4,6,8),(479,'Magic CC Cream','19.17',3.7,3472,30,31,1,1,2,4,3,3),(480,'Ultra Foundation','19.18',4.3,888,30,8,1,2,1,4,4,1),(481,'Ultra Lipstick','19.19',2.7,8102,200,8,2,1,3,1,2,7),(482,'Magic Highlighter','19.23',4.8,5472,100,23,3,5,2,2,4,4),(483,'Ultra Face Mask','19.28',2.4,667,150,15,2,4,2,3,1,2),(484,'Super Cleanser','19.3',3.8,3436,200,38,2,4,3,2,1,7),(485,'Super Lipstick','19.3',1.8,9091,100,19,2,6,4,4,4,1),(486,'Magic Face Mask','19.34',5,7824,200,1,2,2,3,2,5,6),(487,'Perfect Makeup Remover','19.34',2.4,3671,100,17,2,3,5,2,5,8),(488,'Magic Bronzer','19.39',2.3,8221,50,32,1,5,3,3,4,4),(489,'Super Lip Gloss','19.4',3.6,2106,30,16,1,6,1,2,3,8),(490,'Divine Eyeliner','19.43',3.1,2963,30,13,2,2,5,3,1,1),(491,'Perfect Blush','19.44',4.9,8395,30,38,3,4,4,1,4,6),(492,'Ultra Lip Liner','19.46',4.2,5874,200,32,1,1,1,4,3,2),(493,'Super Blush','19.46',2.3,763,250,9,3,1,2,3,7,1),(494,'Super Lip Liner','19.48',2.3,6685,250,12,3,4,3,1,4,2),(495,'Super Foundation','19.5',2.8,6149,150,14,2,1,4,2,3,8),(496,'Magic Mascara','19.55',3.3,1002,30,12,3,4,1,1,1,8),(497,'Ultra Mascara','19.55',3.3,1778,250,19,2,2,4,3,1,7),(498,'Perfect Makeup Remover','19.57',4.9,6111,150,3,3,6,5,3,4,7),(499,'Divine Concealer','19.64',2.5,9055,250,22,1,6,2,3,6,3),(500,'Ultra Face Oil','19.66',2.2,9700,100,39,1,4,5,1,2,7),(501,'Magic Foundation','19.66',2,3201,250,11,1,3,2,1,1,4),(502,'Divine Powder','19.71',2,4428,50,13,1,6,2,3,6,2),(503,'Magic Powder','19.72',2.2,6875,250,3,1,5,1,2,4,4),(504,'Super Bronzer','19.74',4,3573,30,21,2,1,1,1,7,7),(505,'Ultra Makeup Remover','19.79',3.9,6795,50,23,1,5,1,2,2,8),(506,'Super Concealer','19.8',4.3,677,100,36,3,2,2,3,3,1),(507,'Magic Face Mask','19.83',2.7,8129,100,29,2,4,4,3,3,4),(508,'Ultra Concealer','19.85',1.3,1558,200,8,3,4,2,4,6,5),(509,'Perfect Lip Gloss','19.86',2.4,8567,30,24,1,5,2,3,7,4),(510,'Magic Lipstick','19.88',2.2,5817,200,8,1,6,4,4,4,1),(511,'Super Highlighter','19.94',1.1,3822,200,11,3,6,2,1,1,6),(512,'Super Lip Gloss','19.97',1.4,1919,50,27,3,5,2,2,3,2),(513,'Magic Makeup Remover','20.01',4.8,9220,30,14,3,5,3,2,5,7),(514,'Ultra CC Cream','20.01',1.2,8949,250,5,1,5,1,4,3,1),(515,'Super Serum','20.05',4.1,4147,100,11,3,5,5,1,4,3),(516,'Ultra Powder','20.05',3.8,723,200,3,3,5,2,4,1,1),(517,'Divine Foundation','20.06',1.2,9597,200,10,3,1,1,4,3,5),(518,'Super Moisturizer','20.07',3.2,7354,200,3,2,5,2,3,2,8),(519,'Perfect Face Oil','20.07',2.2,6258,200,2,3,3,3,4,6,3),(520,'Divine Lip Gloss','20.1',2.9,6626,50,29,2,6,3,2,2,1),(521,'Magic Makeup Remover','20.13',2.8,5401,200,13,1,6,1,2,7,5),(522,'Perfect Powder','20.14',1.2,159,150,3,1,1,4,2,1,3),(523,'Super Highlighter','20.15',1.7,9450,150,18,3,6,5,2,3,3),(524,'Super Face Oil','20.18',4.5,7542,100,13,1,5,5,1,4,5),(525,'Magic Cleanser','20.18',1.5,5060,100,16,3,5,3,1,3,3),(526,'Ultra Mascara','20.22',4.3,4724,150,32,2,5,5,2,7,7),(527,'Divine Bronzer','20.22',3.5,294,150,40,1,4,4,2,4,4),(528,'Divine Foundation','20.29',4.2,9569,30,12,3,3,4,3,4,4),(529,'Divine BB Cream','20.31',3.2,2877,250,8,3,5,5,1,1,7),(530,'Perfect Moisturizer','20.34',3.6,5987,100,36,3,3,1,1,6,8),(531,'Magic Mascara','20.39',2.1,1542,250,19,2,3,1,1,2,7),(532,'Magic Highlighter','20.43',2,1047,100,22,1,2,5,1,5,3),(533,'Divine Exfoliator','20.44',4,9191,200,18,2,6,2,2,7,2),(534,'Super Mascara','20.48',4.4,894,30,19,1,1,1,4,3,3),(535,'Divine Powder','20.48',1.3,9649,50,3,2,4,4,1,5,3),(536,'Perfect Makeup Remover','20.49',4.2,8867,150,15,1,3,1,4,5,5),(537,'Super Powder','20.51',2.6,9053,30,35,1,1,2,4,2,7),(538,'Perfect Face Oil','20.52',3.8,5221,50,26,3,6,5,4,1,8),(539,'Divine Moisturizer','20.52',1.4,651,50,10,1,3,5,3,6,2),(540,'Divine CC Cream','20.52',1.3,6202,250,24,3,3,4,4,3,7),(541,'Super Cleanser','20.54',1.8,3506,250,10,2,5,4,3,3,7),(542,'Super Exfoliator','20.6',4.4,4746,250,27,2,4,4,4,4,8),(543,'Magic Bronzer','20.6',4.3,9949,200,7,2,6,2,2,4,2),(544,'Super Lipstick','20.6',3,7405,30,5,1,3,3,3,1,2),(545,'Super Bronzer','20.64',4.3,2137,200,1,1,2,3,1,7,2),(546,'Divine Lipstick','20.67',4.8,1559,100,2,3,4,1,4,5,1),(547,'Divine Contour','20.71',4.3,2315,50,39,2,1,1,4,5,3),(548,'Magic Setting Spray','20.73',1.6,1875,250,3,1,4,1,3,5,5),(549,'Super Eye Shadow','20.74',4.9,4265,200,16,3,5,1,1,5,7),(550,'Ultra Highlighter','20.78',1.7,5513,100,2,1,6,1,3,6,3),(551,'Ultra Blush','20.82',1.8,4222,150,36,2,4,5,2,4,4),(552,'Ultra Highlighter','20.83',1.1,3537,200,9,2,1,3,4,4,2),(553,'Magic Foundation','20.87',4.9,9972,100,19,3,2,1,3,5,2),(554,'Perfect Face Mask','20.89',4.5,3824,250,30,1,1,3,3,3,5),(555,'Ultra Foundation','20.9',2.6,9815,50,3,3,1,2,4,3,8),(556,'Ultra Lip Liner','20.92',3.6,8392,150,21,2,4,2,2,4,8),(557,'Magic Foundation','20.92',3.3,5902,200,29,1,1,5,4,7,6),(558,'Perfect Bronzer','20.93',4.6,5009,150,27,1,5,4,3,3,1),(559,'Magic Mascara','20.94',1.2,4337,50,40,1,5,4,2,1,2),(560,'Magic Setting Spray','21',2.7,4306,100,29,2,4,4,2,5,1),(561,'Super Face Mask','21',2.3,4914,250,40,1,6,1,4,3,5),(562,'Super Lip Liner','21.02',1.5,9050,30,8,2,6,5,2,2,1),(563,'Perfect Face Mask','21.05',4.1,9084,50,6,2,6,1,4,3,4),(564,'Super Exfoliator','21.07',3.9,185,150,38,2,2,3,4,4,8),(565,'Divine Lipstick','21.07',1.7,1905,200,33,3,2,1,2,6,8),(566,'Ultra Serum','21.15',4.7,9144,250,34,3,3,3,3,4,6),(567,'Divine Lip Gloss','21.19',2.4,3106,100,9,2,3,4,2,7,4),(568,'Perfect Lipstick','21.2',3.3,4594,200,22,3,6,5,3,5,2),(569,'Ultra Face Oil','21.21',4.3,2940,100,17,2,5,1,1,5,5),(570,'Super Contour','21.22',2.6,6784,50,31,3,1,1,3,4,1),(571,'Ultra Concealer','21.23',4.8,3532,150,15,3,1,2,1,2,3),(572,'Ultra Foundation','21.23',4.2,4619,200,32,2,4,2,3,6,5),(573,'Divine Bronzer','21.23',1.3,5530,50,11,2,5,4,3,5,5),(574,'Super Concealer','21.33',4.4,9172,200,12,2,3,1,4,7,7),(575,'Perfect BB Cream','21.34',3.5,8471,250,8,1,6,2,4,1,6),(576,'Magic Contour','21.35',2.9,6569,50,35,3,1,3,2,5,5),(577,'Divine Highlighter','21.36',4.5,9969,150,38,3,5,3,2,1,3),(578,'Super Face Mask','21.41',1.7,8959,200,37,1,2,3,3,6,8),(579,'Divine Serum','21.42',3.2,1480,100,18,3,3,5,2,6,2),(580,'Divine Eye Shadow','21.42',1.9,7298,150,16,2,3,1,4,3,4),(581,'Magic Face Mask','21.43',4.6,2428,30,27,1,6,1,4,5,7),(582,'Ultra Cleanser','21.43',4.3,8032,200,15,3,4,4,3,1,4),(583,'Perfect Cleanser','21.43',1.6,5705,30,10,3,5,3,4,3,2),(584,'Perfect BB Cream','21.44',4.9,6357,30,12,1,5,5,3,2,1),(585,'Magic Mascara','21.44',3.3,3516,150,34,1,1,5,2,5,6),(586,'Magic Foundation','21.44',1.8,5929,150,19,1,6,3,3,5,4),(587,'Divine Highlighter','21.47',2,6856,50,4,3,1,4,1,4,5),(588,'Super Face Oil','21.5',2.9,4242,200,34,2,2,4,4,5,7),(589,'Ultra CC Cream','21.51',4.8,8030,30,40,1,1,3,1,4,4),(590,'Divine Powder','21.54',1.6,4286,30,5,1,3,5,1,4,8),(591,'Ultra Exfoliator','21.55',1.3,3722,100,17,1,1,2,4,2,4),(592,'Divine Highlighter','21.56',1.5,3324,250,38,1,1,1,4,5,6),(593,'Super Setting Spray','21.6',1.9,4086,100,34,1,3,1,3,6,3),(594,'Perfect Lipstick','21.61',4.7,652,150,13,3,4,4,3,7,2),(595,'Divine Mascara','21.64',3.2,6115,150,8,1,6,2,4,2,8),(596,'Super Powder','21.7',2.5,4187,250,26,3,6,2,4,2,6),(597,'Magic Lip Liner','21.73',4.2,8381,30,21,3,2,2,4,4,8),(598,'Divine Powder','21.78',4.8,2031,30,21,2,5,2,2,7,8),(599,'Divine Exfoliator','21.81',3.5,1030,50,6,2,2,3,1,6,8),(600,'Ultra Lipstick','21.83',1.3,1465,250,7,2,1,2,3,7,4),(601,'Magic Exfoliator','21.84',2.3,5160,50,7,3,5,5,4,3,1),(602,'Perfect Primer','21.85',1.6,1091,200,38,2,3,5,3,7,7),(603,'Perfect Foundation','21.9',2.6,6464,50,28,1,4,5,2,6,7),(604,'Ultra Contour','21.92',3.1,9376,150,18,2,5,3,4,3,3),(605,'Divine Lip Liner','21.93',4.3,8923,100,33,2,3,4,4,3,6),(606,'Magic Lip Liner','21.93',3.5,5554,100,27,1,1,1,4,1,4),(607,'Ultra Primer','21.95',4.5,1692,30,31,1,5,4,4,4,8),(608,'Magic Face Oil','21.95',3,3552,250,22,1,5,4,1,2,7),(609,'Super Face Mask','21.97',2.2,1486,100,15,1,6,3,1,6,8),(610,'Magic Eye Shadow','21.99',3.4,2191,200,36,1,2,4,2,1,7),(611,'Super Lip Liner','22.02',5,7042,150,4,1,1,5,4,6,2),(612,'Super Bronzer','22.07',3.4,9769,200,28,2,2,3,4,5,3),(613,'Super Serum','22.07',2.8,4761,250,12,3,2,3,1,2,6),(614,'Magic Blush','22.08',2.3,3973,200,39,3,4,4,1,2,6),(615,'Magic Eye Shadow','22.1',2.5,7477,100,16,2,5,2,2,1,3),(616,'Perfect Blush','22.11',2.7,5184,100,7,1,2,3,2,4,8),(617,'Divine Mascara','22.11',2.5,2199,250,2,1,3,1,2,7,1),(618,'Ultra Lip Gloss','22.11',2.4,5676,30,38,1,5,5,3,1,2),(619,'Ultra Lipstick','22.15',4.8,8060,30,36,3,5,2,4,2,8),(620,'Divine CC Cream','22.17',2.1,6815,150,4,2,3,1,2,2,6),(621,'Super Concealer','22.23',4.5,4191,150,23,1,5,1,3,1,4),(622,'Divine Face Oil','22.24',3.1,9705,250,15,3,6,5,2,6,6),(623,'Ultra Cleanser','22.25',2.7,6044,250,11,2,1,4,4,7,5),(624,'Magic Concealer','22.25',1.5,4441,150,30,2,1,2,2,3,6),(625,'Perfect CC Cream','22.27',3.7,7241,30,8,2,2,4,3,7,1),(626,'Ultra Mascara','22.28',4.2,1056,250,27,1,1,4,2,5,5),(627,'Divine Setting Spray','22.28',3.7,5745,150,32,3,2,4,4,1,7),(628,'Ultra Powder','22.31',1.4,9934,250,1,2,4,4,2,4,4),(629,'Magic Cleanser','22.34',4.4,4102,30,35,1,1,5,3,3,2),(630,'Magic Eyeliner','22.34',2.8,8360,30,15,1,5,2,4,3,8),(631,'Ultra Face Oil','22.35',3.2,2455,30,39,3,6,4,4,2,7),(632,'Ultra Eye Shadow','22.38',2.7,8674,200,4,2,1,5,3,3,5),(633,'Ultra Lip Gloss','22.39',4,2049,100,26,1,2,5,2,5,2),(634,'Super Primer','22.39',1.6,872,100,17,1,6,2,1,6,8),(635,'Perfect Eye Shadow','22.45',3.4,9199,150,4,1,6,5,3,4,3),(636,'Perfect Serum','22.51',4.3,4279,250,15,2,3,2,1,3,5),(637,'Divine Setting Spray','22.51',3.6,8061,100,40,3,4,1,4,2,8),(638,'Magic Cleanser','22.51',1.8,4407,200,28,2,5,4,2,4,1),(639,'Divine Concealer','22.52',4.9,1128,50,24,2,1,1,4,2,8),(640,'Perfect CC Cream','22.52',1.5,7504,100,15,1,4,1,1,1,5),(641,'Ultra Face Mask','22.54',1.9,706,50,3,3,5,3,2,3,3),(642,'Magic Concealer','22.6',4.5,6577,250,31,2,1,3,4,7,8),(643,'Ultra Mascara','22.6',2,677,250,9,3,3,5,1,7,1),(644,'Super Face Oil','22.61',1.1,2575,250,15,3,6,4,4,3,2),(645,'Perfect CC Cream','22.64',3.5,6136,250,35,1,3,3,1,2,5),(646,'Magic Setting Spray','22.64',1.3,7596,30,22,1,1,2,2,1,4),(647,'Ultra Lipstick','22.67',2.5,8678,250,22,3,1,2,4,6,7),(648,'Perfect Foundation','22.67',2.5,6927,30,13,1,3,5,3,3,7),(649,'Divine Eyeliner','22.68',5,9479,250,36,1,3,1,1,4,4),(650,'Super Serum','22.69',2.8,9852,50,35,3,4,5,1,2,5),(651,'Ultra Serum','22.73',4.6,6896,200,39,3,5,2,1,1,3),(652,'Super BB Cream','22.73',3.3,4898,30,6,1,3,1,2,6,1),(653,'Divine Mascara','22.74',2.1,5352,100,33,2,1,2,2,1,4),(654,'Super Eyeliner','22.75',4.5,3089,30,38,2,4,2,2,6,8),(655,'Magic Setting Spray','22.75',3.3,1021,30,25,3,4,1,1,4,4),(656,'Super Mascara','22.76',2.8,5606,150,29,3,5,2,2,2,5),(657,'Ultra Powder','22.78',3.9,9993,250,25,2,6,3,3,3,4),(658,'Perfect Lipstick','22.82',3.2,935,150,7,2,2,5,1,5,2),(659,'Divine Lipstick','22.87',2.3,4882,200,34,3,2,1,2,4,7),(660,'Super Lip Gloss','22.88',2.6,1224,150,29,1,2,1,4,2,3),(661,'Perfect Mascara','22.89',3.2,6587,100,40,1,2,5,3,3,1),(662,'Ultra Mascara','22.91',2.3,6546,200,35,1,2,1,3,3,4),(663,'Magic Lipstick','22.93',1.7,2779,250,18,2,3,3,1,3,5),(664,'Perfect Concealer','22.94',1.3,2556,250,17,2,6,3,4,1,5),(665,'Magic Bronzer','22.97',4.4,2675,30,5,1,3,1,2,4,8),(666,'Ultra Concealer','22.98',1.5,5408,200,13,1,3,1,4,7,5),(667,'Perfect Setting Spray','22.99',3.6,1949,150,22,2,2,4,4,1,1),(668,'Super Eye Shadow','23.01',5,2583,30,16,2,6,3,1,2,8),(669,'Perfect Moisturizer','23.01',4,9584,200,23,1,6,2,1,1,1),(670,'Perfect Foundation','23.02',2.8,2861,250,40,3,2,1,1,2,4),(671,'Ultra Concealer','23.05',2.5,1351,100,13,3,1,2,4,6,4),(672,'Divine Cleanser','23.05',2.3,2325,100,22,2,4,2,4,6,8),(673,'Perfect Lip Gloss','23.07',3.4,2283,50,20,1,5,3,4,2,6),(674,'Perfect Powder','23.14',4.4,8558,100,25,1,6,1,2,3,6),(675,'Perfect Mascara','23.14',3.8,2893,100,17,2,5,1,3,6,3),(676,'Ultra Lipstick','23.14',2.8,8188,30,39,2,5,3,1,5,6),(677,'Magic Face Mask','23.14',1.2,4626,100,1,2,4,4,4,7,6),(678,'Ultra Cleanser','23.16',3.5,3527,50,32,1,2,4,2,2,5),(679,'Divine Primer','23.17',2.8,8131,100,40,2,6,1,1,2,7),(680,'Super Lip Liner','23.18',2.1,8513,250,33,3,4,3,1,6,2),(681,'Super Lipstick','23.21',3.1,9903,100,30,1,3,2,1,4,3),(682,'Ultra Lipstick','23.24',3.7,7650,100,32,2,5,2,2,1,7),(683,'Ultra Face Mask','23.27',3.3,2934,100,13,1,4,1,3,1,8),(684,'Ultra Setting Spray','23.3',1.4,5791,50,12,3,3,2,1,3,5),(685,'Ultra Eyeliner','23.32',1.3,3938,200,28,2,4,1,3,2,1),(686,'Ultra Highlighter','23.33',3.3,5442,30,35,1,2,4,3,1,7),(687,'Perfect Primer','23.34',1,3468,100,17,3,6,1,2,7,6),(688,'Magic Setting Spray','23.35',5,6907,50,13,1,1,2,1,5,6),(689,'Ultra Bronzer','23.36',4.1,9527,100,17,2,6,3,2,1,2),(690,'Super Foundation','23.37',4.9,6010,30,34,3,5,1,1,5,1),(691,'Super Mascara','23.39',2,2895,250,30,1,5,5,4,3,1),(692,'Divine Makeup Remover','23.4',4.8,6434,150,26,2,1,5,1,5,6),(693,'Perfect Face Oil','23.4',1.4,1378,250,34,1,1,3,2,6,2),(694,'Perfect Eye Shadow','23.41',3.6,2937,30,34,2,4,3,1,5,6),(695,'Divine Powder','23.41',3.3,4840,100,22,2,4,3,2,7,2),(696,'Super Cleanser','23.47',4.6,2014,50,27,1,4,3,1,3,2),(697,'Divine Blush','23.47',1,5363,150,21,1,3,5,4,3,8),(698,'Ultra Moisturizer','23.48',4.6,3677,200,21,1,2,5,2,3,6),(699,'Ultra Highlighter','23.49',4.6,8260,50,5,2,1,1,2,7,8),(700,'Divine Cleanser','23.5',4.2,5145,150,23,3,6,4,2,1,3),(701,'Super Lip Gloss','23.51',2.8,4183,200,29,2,2,4,3,1,5),(702,'Super Blush','23.54',4.2,5105,100,14,1,2,1,2,7,1),(703,'Perfect Face Oil','23.55',4.1,7466,100,26,2,2,1,4,2,2),(704,'Divine Highlighter','23.57',2.5,7881,150,8,3,5,2,1,7,3),(705,'Ultra Lipstick','23.59',4.4,7026,150,21,2,4,4,2,4,1),(706,'Perfect Makeup Remover','23.6',1.8,5651,50,37,1,1,5,3,2,1),(707,'Magic Highlighter','23.65',3.9,4750,50,22,3,4,1,2,4,2),(708,'Magic Powder','23.66',4.6,2421,30,15,3,5,3,2,2,1),(709,'Perfect Serum','23.66',1.3,698,30,2,3,5,3,3,2,1),(710,'Ultra Eye Shadow','23.76',2.2,7552,250,20,2,3,5,4,5,4),(711,'Super Lipstick','23.77',2.4,4833,30,11,2,5,4,3,5,8),(712,'Perfect Serum','23.8',1.1,237,200,40,2,6,3,3,5,7),(713,'Divine Cleanser','23.82',3.3,9582,250,32,1,3,3,4,2,5),(714,'Divine Lipstick','23.86',3.5,7470,30,39,2,6,5,1,1,7),(715,'Super CC Cream','23.88',2,6356,200,12,1,1,4,2,1,4),(716,'Ultra Concealer','23.91',3.2,4628,50,36,2,6,2,4,3,2),(717,'Perfect Cleanser','23.92',2.8,8587,250,18,1,5,4,3,2,3),(718,'Ultra Lipstick','23.93',4.6,2302,30,29,1,6,1,1,2,5),(719,'Magic Face Mask','23.93',4.4,5007,250,11,3,6,4,4,5,8),(720,'Divine Contour','23.93',2.5,2855,100,23,2,5,3,3,4,3),(721,'Ultra Moisturizer','23.94',2.8,9697,250,17,3,4,2,4,3,1),(722,'Super Highlighter','23.94',2.7,5108,30,31,2,6,2,4,4,7),(723,'Divine Contour','23.95',2.3,8947,100,16,3,4,2,4,3,3),(724,'Super Concealer','24',4.6,7225,50,8,2,2,2,4,4,3),(725,'Super Lipstick','24.01',4.3,577,250,27,3,1,2,1,7,1),(726,'Super Concealer','24.02',4.4,6165,200,9,2,1,4,4,6,5),(727,'Ultra Primer','24.03',1.9,7994,50,39,3,3,3,1,3,5),(728,'Super Setting Spray','24.05',3.6,1255,100,28,2,2,4,3,3,4),(729,'Magic Exfoliator','24.12',4.7,9312,150,2,1,4,3,1,1,2),(730,'Ultra Highlighter','24.12',2.3,3233,200,29,3,2,5,3,4,8),(731,'Ultra CC Cream','24.15',4.8,3228,30,11,1,3,3,1,5,8),(732,'Ultra Face Oil','24.18',1,8254,30,29,2,4,1,1,6,6),(733,'Ultra Concealer','24.19',2.9,9098,100,6,2,2,3,3,5,2),(734,'Magic Makeup Remover','24.2',3.3,5635,100,30,3,5,3,4,1,2),(735,'Super Lipstick','24.23',2.8,9171,100,30,1,5,5,1,7,6),(736,'Ultra Face Mask','24.27',1.3,1389,50,16,2,1,3,2,3,6),(737,'Super Exfoliator','24.32',4.2,8224,250,33,2,5,4,3,4,3),(738,'Ultra Setting Spray','24.32',4,6443,150,25,2,4,3,4,7,2),(739,'Ultra Foundation','24.32',1.9,5933,30,22,3,2,1,2,3,2),(740,'Perfect Eyeliner','24.36',2.9,7433,50,14,2,5,2,4,4,4),(741,'Divine Blush','24.36',1.6,1334,100,2,2,4,2,3,2,1),(742,'Super Face Mask','24.38',3.8,9640,200,6,2,3,2,1,1,1),(743,'Magic Concealer','24.38',2.9,4199,150,6,3,5,1,2,5,6),(744,'Super Highlighter','24.42',2.9,4411,250,20,1,5,1,4,6,6),(745,'Ultra Foundation','24.42',1.4,3023,250,23,3,3,5,2,3,1),(746,'Super Eyeliner','24.43',2.9,8371,30,19,1,4,4,1,5,8),(747,'Perfect Eyeliner','24.43',2.2,8528,50,30,3,3,2,1,1,8),(748,'Divine Eye Shadow','24.45',1.8,5745,150,12,2,1,2,2,4,4),(749,'Magic Lipstick','24.47',1.4,4368,200,2,1,1,3,4,1,5),(750,'Ultra Blush','24.49',1.7,6568,100,19,1,4,5,2,6,3),(751,'Perfect Exfoliator','24.5',3.2,7351,150,24,2,5,4,2,6,2),(752,'Super Makeup Remover','24.51',4.6,7697,30,22,1,4,5,2,2,7),(753,'Magic Lipstick','24.54',3.4,8622,50,1,3,5,1,2,3,3),(754,'Magic Setting Spray','24.55',3.6,805,30,7,2,2,2,1,3,2),(755,'Super Lip Gloss','24.57',3.5,6071,250,4,2,6,4,2,3,2),(756,'Divine Eyeliner','24.62',4.9,3110,200,34,1,2,3,3,7,8),(757,'Super Moisturizer','24.64',1.6,186,150,13,1,1,1,3,7,1),(758,'Ultra Blush','24.66',4.1,6549,250,7,2,4,4,2,2,1),(759,'Divine Cleanser','24.68',4.4,2803,150,28,3,1,5,1,2,5),(760,'Divine Setting Spray','24.69',2.9,668,150,40,2,2,1,4,3,1),(761,'Ultra Concealer','24.69',2.6,1445,200,18,1,1,3,4,5,7),(762,'Magic Serum','24.77',1.8,5927,50,40,1,3,5,1,4,5),(763,'Divine Concealer','24.78',2.4,4184,200,4,1,4,2,4,7,3),(764,'Super Eye Shadow','24.81',3.6,3117,50,35,2,3,1,2,1,1),(765,'Super Mascara','24.81',1.1,7962,100,9,3,2,3,3,5,5),(766,'Super Highlighter','24.83',4.7,7229,100,12,2,2,1,2,3,8),(767,'Ultra Mascara','24.83',3.1,8919,100,14,1,6,3,3,3,7),(768,'Perfect Mascara','24.83',2.1,9567,30,22,2,1,4,3,2,7),(769,'Perfect BB Cream','24.84',3.1,3307,200,36,3,6,5,3,1,1),(770,'Super Face Oil','24.86',2.7,2621,100,21,3,2,1,4,3,4),(771,'Perfect Eyeliner','24.86',1.7,8191,50,11,1,3,4,2,1,7),(772,'Divine Lip Gloss','24.87',3.1,9606,150,23,1,4,4,3,4,8),(773,'Divine Setting Spray','24.87',1,5006,150,3,1,2,2,3,1,5),(774,'Magic Foundation','24.88',3.6,5849,50,39,3,5,3,1,4,4),(775,'Ultra Lip Gloss','24.88',3.6,9941,50,39,2,6,2,4,4,8),(776,'Perfect Setting Spray','24.9',4.5,2186,30,3,1,2,4,4,5,5),(777,'Perfect Makeup Remover','24.9',3.5,8548,200,7,2,2,2,2,7,6),(778,'Magic Blush','24.91',2.9,8190,250,22,3,1,4,4,2,7),(779,'Ultra Contour','24.91',2.2,6698,200,19,3,2,4,1,2,8),(780,'Ultra Lip Liner','24.95',3.8,3288,150,4,3,5,4,3,2,5),(781,'Super Foundation','24.97',2.9,6889,100,30,2,4,4,4,1,7),(782,'Magic Eye Shadow','24.99',3.5,4449,250,16,3,5,4,2,5,5),(783,'Super BB Cream','25.08',2.8,6289,50,31,3,4,5,2,7,6),(784,'Perfect CC Cream','25.11',1.9,6619,30,7,2,6,2,1,5,7),(785,'Perfect Blush','25.13',3.3,8660,50,40,3,1,2,2,3,4),(786,'Divine Eyeliner','25.15',4.3,3615,200,23,2,2,3,1,4,8),(787,'Ultra Eye Shadow','25.15',2.5,5073,100,1,1,2,1,1,3,6),(788,'Ultra Concealer','25.18',1.7,614,30,25,1,6,4,3,2,2),(789,'Divine Highlighter','25.19',4.6,5852,100,31,2,5,1,3,3,4),(790,'Ultra CC Cream','25.2',3.1,3056,200,35,2,5,4,3,7,6),(791,'Super Serum','25.2',1.2,7375,150,11,1,5,2,1,1,4),(792,'Divine Exfoliator','25.21',4.1,804,30,39,2,5,4,3,5,2),(793,'Perfect Contour','25.22',2.6,2799,250,24,1,3,2,3,3,6),(794,'Super Lip Gloss','25.23',1.5,3999,50,32,2,4,3,2,2,3),(795,'Ultra Exfoliator','25.29',1.9,6503,250,13,2,2,4,3,3,3),(796,'Divine Concealer','25.33',2.5,9658,200,16,1,1,3,1,6,4),(797,'Super Powder','25.35',4,6714,100,25,2,1,3,1,3,8),(798,'Ultra Face Mask','25.38',3.3,902,100,17,3,5,2,1,5,7),(799,'Perfect Makeup Remover','25.4',2.6,6540,30,29,3,3,5,4,1,5),(800,'Divine Moisturizer','25.47',3.7,526,30,6,2,4,2,3,2,5),(801,'Super Setting Spray','25.49',1.5,5501,30,38,2,6,5,4,1,5),(802,'Magic Blush','25.5',2.9,851,100,4,1,3,4,4,7,2),(803,'Ultra BB Cream','25.52',3.9,5958,150,3,1,4,3,2,6,5),(804,'Ultra Lip Gloss','25.52',2.3,212,30,19,1,6,3,2,1,1),(805,'Ultra Highlighter','25.55',3.9,7696,150,4,3,4,3,3,5,4),(806,'Perfect Exfoliator','25.55',2.3,5029,30,19,1,6,4,4,1,6),(807,'Super Highlighter','25.56',1.8,4168,50,12,1,4,5,2,6,5),(808,'Magic Concealer','25.58',2,1366,50,35,3,6,1,4,7,3),(809,'Magic Lipstick','25.62',4.7,7470,100,7,3,6,3,4,2,5),(810,'Magic Contour','25.64',3.4,3834,200,25,2,5,5,2,7,2),(811,'Super Highlighter','25.66',2.8,6482,100,5,1,2,2,1,7,1),(812,'Magic Lip Gloss','25.69',4.2,957,250,18,1,6,2,4,1,8),(813,'Super Primer','25.74',4.5,726,50,28,1,1,1,3,6,4),(814,'Ultra Face Oil','25.74',2.2,8503,150,31,3,2,3,3,5,3),(815,'Super Highlighter','25.76',4.8,1461,30,38,3,6,4,4,1,5),(816,'Perfect Lip Gloss','25.81',3.3,3109,150,7,1,2,2,4,2,4),(817,'Ultra Lip Gloss','25.82',4,2339,150,16,1,2,2,4,4,3),(818,'Super Setting Spray','25.84',1.5,6277,50,22,2,3,1,2,2,8),(819,'Ultra Eye Shadow','25.85',1.9,487,150,2,2,5,2,3,3,6),(820,'Super Exfoliator','25.89',2.7,6870,250,8,2,3,3,2,6,8),(821,'Magic Bronzer','25.9',2,942,30,31,2,1,1,1,3,8),(822,'Perfect Highlighter','25.91',2.4,457,200,29,2,3,5,4,4,3),(823,'Ultra Face Mask','25.92',4.5,8502,250,1,3,2,5,3,5,7),(824,'Ultra Highlighter','25.94',1.6,4312,150,13,2,5,5,2,1,1),(825,'Super Foundation','25.97',1,9720,30,32,2,4,3,4,4,1),(826,'Divine Foundation','25.98',2.4,7096,250,2,1,1,2,1,2,8),(827,'Ultra Eye Shadow','25.98',2.4,7092,100,18,3,1,4,2,2,3),(828,'Divine Serum','26.05',4.4,8170,250,28,3,1,3,1,6,4),(829,'Divine Blush','26.06',1.7,5191,200,17,2,3,4,2,7,4),(830,'Perfect Lip Liner','26.11',1.6,1146,250,9,1,4,2,4,7,1),(831,'Magic BB Cream','26.11',1.3,6645,100,1,2,4,2,2,7,4),(832,'Magic BB Cream','26.11',1,539,150,35,3,2,3,2,3,8),(833,'Ultra Highlighter','26.13',4.2,3264,50,19,3,4,1,3,6,5),(834,'Super Eye Shadow','26.13',3.4,5339,150,8,3,3,3,1,1,8),(835,'Divine Exfoliator','26.21',4.9,4167,200,38,1,4,4,1,5,3),(836,'Divine Foundation','26.21',1,7472,100,11,3,1,4,2,2,2),(837,'Divine Face Oil','26.23',4.6,8227,100,39,3,5,5,2,6,2),(838,'Magic Primer','26.23',4.6,1170,150,1,3,3,4,3,1,6),(839,'Ultra Cleanser','26.23',4,9589,50,31,3,2,5,1,5,3),(840,'Ultra Moisturizer','26.23',2.1,9869,200,29,1,1,3,1,1,1),(841,'Magic Mascara','26.23',2,7646,200,21,2,4,3,3,6,4),(842,'Super Face Oil','26.27',4.7,9423,30,33,1,6,4,3,6,6),(843,'Divine Contour','26.3',1.3,5248,100,21,2,2,5,2,6,2),(844,'Magic Setting Spray','26.31',2.9,4781,250,18,1,1,2,1,1,3),(845,'Super Contour','26.34',3.9,7528,30,17,3,4,5,3,3,8),(846,'Divine Highlighter','26.34',3.4,4327,200,32,3,4,3,2,5,6),(847,'Super Lip Liner','26.35',4.5,7186,250,28,3,2,2,1,2,7),(848,'Magic Concealer','26.39',4.9,1848,100,25,3,2,1,3,2,1),(849,'Perfect Lip Liner','26.39',4.3,6795,250,25,3,6,3,1,1,1),(850,'Ultra Powder','26.48',1.7,3129,50,28,3,6,2,4,6,5),(851,'Perfect Moisturizer','26.48',1.5,4731,150,4,1,2,2,4,7,8),(852,'Magic Bronzer','26.49',4.9,7794,250,8,3,2,4,1,2,1),(853,'Divine Moisturizer','26.5',3.1,5118,100,36,3,5,2,3,1,1),(854,'Divine Moisturizer','26.5',2.6,7105,30,7,1,4,4,4,1,2),(855,'Super Mascara','26.54',4.5,129,250,36,2,5,5,1,2,6),(856,'Magic Lip Gloss','26.55',2.8,4420,250,6,1,4,4,1,6,3),(857,'Divine Makeup Remover','26.56',4.7,4759,250,32,2,4,4,1,4,5),(858,'Ultra Foundation','26.59',3.7,2501,150,31,1,1,5,1,7,2),(859,'Magic Exfoliator','26.6',3.3,3476,250,2,1,4,1,4,5,2),(860,'Divine Cleanser','26.61',2.2,5920,200,32,1,3,1,3,1,1),(861,'Perfect Mascara','26.65',1.1,7008,200,36,3,6,2,1,7,7),(862,'Super BB Cream','26.66',3.7,2184,100,7,1,5,5,4,6,5),(863,'Ultra Eyeliner','26.66',3.1,8763,250,20,1,6,3,4,7,5),(864,'Divine Mascara','26.69',1.5,4393,50,14,3,6,1,4,5,2),(865,'Magic Eye Shadow','26.69',1.2,9039,150,26,1,2,3,1,3,7),(866,'Perfect Eye Shadow','26.7',3,4824,200,11,2,6,5,3,2,2),(867,'Ultra Bronzer','26.74',4.7,4598,50,25,1,4,1,1,6,2),(868,'Ultra Lip Gloss','26.74',4.2,9913,150,14,1,3,2,1,7,2),(869,'Divine Makeup Remover','26.74',2,6988,30,21,3,1,2,2,2,6),(870,'Super Makeup Remover','26.76',4.3,2740,30,19,2,4,5,3,1,2),(871,'Magic Cleanser','26.78',3.4,920,200,12,2,4,2,4,7,1),(872,'Magic Makeup Remover','26.79',4.2,4120,30,34,1,4,2,3,3,8),(873,'Super Lip Liner','26.82',3.5,6512,30,10,3,3,1,4,4,7),(874,'Super Mascara','26.82',2.2,7906,30,30,2,3,3,2,3,1),(875,'Perfect Moisturizer','26.86',3.4,6829,50,28,2,4,4,2,5,8),(876,'Ultra Exfoliator','26.87',3.8,9967,200,15,3,5,1,3,7,3),(877,'Divine Lip Liner','26.88',3.5,405,100,28,3,2,4,1,3,8),(878,'Perfect Powder','26.9',3.7,8523,250,5,2,1,4,1,6,8),(879,'Magic BB Cream','26.91',4,8619,30,36,3,4,2,4,2,3),(880,'Divine Eyeliner','26.95',4.8,2341,30,10,3,3,2,4,3,1),(881,'Divine Mascara','26.99',2.5,4868,200,16,2,5,1,1,5,2),(882,'Perfect Lipstick','27',2.2,3322,200,18,1,2,1,1,2,4),(883,'Magic Highlighter','27.01',3,6471,150,10,3,1,5,2,5,7),(884,'Ultra Lip Gloss','27.02',3.8,9406,100,6,2,5,3,2,4,3),(885,'Perfect Concealer','27.04',4.7,7789,200,28,3,5,4,4,3,6),(886,'Magic Makeup Remover','27.04',1.3,2211,30,3,3,1,5,2,6,1),(887,'Ultra Setting Spray','27.09',2.3,1182,150,40,3,6,5,4,2,2),(888,'Perfect Powder','27.13',3.7,9597,250,12,2,5,1,3,1,8),(889,'Super Foundation','27.13',1.7,9654,100,26,1,6,1,4,7,6),(890,'Divine Lipstick','27.17',1.1,6930,150,10,3,1,5,2,4,3),(891,'Super BB Cream','27.19',3.4,5410,150,24,2,6,5,1,3,1),(892,'Magic Moisturizer','27.23',2.6,538,250,30,3,4,2,1,3,5),(893,'Magic Contour','27.25',4.2,116,200,4,1,3,1,4,2,4),(894,'Super Face Mask','27.26',3.6,503,200,27,1,5,1,4,4,2),(895,'Super Face Oil','27.27',1.7,7984,150,16,3,1,2,2,1,7),(896,'Ultra Eyeliner','27.27',1.1,6297,150,31,3,5,2,1,1,4),(897,'Divine Lip Liner','27.31',3.9,4789,250,11,1,2,2,1,3,2),(898,'Ultra CC Cream','27.33',1.6,7099,30,6,3,6,5,3,2,8),(899,'Perfect Primer','27.34',3.6,5640,30,27,3,6,2,4,1,2),(900,'Divine Highlighter','27.36',4.9,4568,200,27,2,6,1,4,3,1),(901,'Divine Powder','27.41',2.3,9731,50,36,2,5,3,4,5,8),(902,'Divine Makeup Remover','27.43',1.5,3889,100,22,3,4,1,3,6,1),(903,'Super Lip Liner','27.45',1.2,9692,50,32,2,4,2,1,7,7),(904,'Ultra BB Cream','27.48',2.7,9261,200,4,1,1,4,3,5,5),(905,'Perfect Exfoliator','27.49',3.2,6606,100,15,1,2,2,3,5,8),(906,'Divine Highlighter','27.5',4.7,9472,100,10,1,1,5,3,3,2),(907,'Perfect Face Oil','27.53',1.7,175,250,34,3,5,3,3,1,7),(908,'Ultra Eye Shadow','27.54',4.1,7602,50,26,2,2,3,1,5,8),(909,'Divine BB Cream','27.54',3.4,8140,50,21,1,4,2,3,6,5),(910,'Divine Foundation','27.61',2.1,854,100,39,2,2,4,2,3,5),(911,'Ultra Eye Shadow','27.62',3.8,5635,200,32,2,5,4,4,7,2),(912,'Super Blush','27.64',2.2,7697,200,21,1,5,5,1,6,4),(913,'Ultra Foundation','27.65',3.9,9657,200,30,2,6,2,1,3,1),(914,'Ultra Foundation','27.66',3.7,7409,30,9,1,6,1,2,2,7),(915,'Perfect Lipstick','27.68',3.3,7879,150,35,2,3,3,2,6,3),(916,'Perfect Exfoliator','27.73',4.9,9361,100,10,1,4,5,2,1,4),(917,'Ultra Foundation','27.74',4.9,5540,50,20,1,5,3,4,5,7),(918,'Super Eye Shadow','27.76',2.3,7111,200,21,2,5,3,1,5,4),(919,'Super Exfoliator','27.77',2.2,1616,30,33,2,3,5,4,3,3),(920,'Perfect Cleanser','27.8',4,1154,30,13,2,4,2,3,5,8),(921,'Super BB Cream','27.8',2.4,6199,250,6,1,6,2,3,4,3),(922,'Divine Eyeliner','27.81',4,9247,250,22,1,2,3,1,3,4),(923,'Ultra Powder','27.83',1.2,2659,150,31,1,5,1,4,3,4),(924,'Divine Makeup Remover','27.84',4.5,4707,50,21,3,2,4,3,4,6),(925,'Perfect Highlighter','27.85',3.5,3933,150,28,2,3,1,4,3,6),(926,'Magic Powder','27.88',4.9,405,30,12,2,4,1,3,2,1),(927,'Ultra Blush','27.89',2.4,1047,150,18,3,5,2,2,2,4),(928,'Super BB Cream','27.92',3,3616,200,6,1,2,3,2,4,6),(929,'Perfect Eye Shadow','27.92',2.9,9352,30,27,2,5,4,4,6,8),(930,'Divine Blush','27.97',3.9,2287,50,14,2,5,5,4,5,2),(931,'Super Moisturizer','27.97',2.8,2053,100,39,2,3,4,2,1,1),(932,'Ultra Face Mask','28.03',3.2,4368,250,7,2,2,2,1,4,3),(933,'Ultra Bronzer','28.05',5,4094,100,33,3,1,3,1,2,6),(934,'Magic Serum','28.07',2.2,3852,250,28,2,5,5,3,3,7),(935,'Divine BB Cream','28.12',4.5,4599,150,19,3,6,2,4,3,8),(936,'Ultra Bronzer','28.12',3.1,6787,50,13,3,1,4,2,7,3),(937,'Magic Eyeliner','28.12',3.1,4986,50,6,3,4,2,3,4,3),(938,'Magic Powder','28.17',3.8,4257,200,12,2,1,2,3,7,5),(939,'Divine Setting Spray','28.19',2.8,6622,250,37,2,3,5,3,3,4),(940,'Super Face Oil','28.21',1.3,8150,150,5,1,1,5,1,6,6),(941,'Magic Concealer','28.23',1.1,4512,200,20,2,5,5,2,4,8),(942,'Perfect Lip Liner','28.24',4.6,7594,250,40,3,1,5,2,6,8),(943,'Divine Bronzer','28.24',1.8,5945,250,19,3,1,4,1,3,2),(944,'Magic Highlighter','28.25',3.3,4522,30,20,2,4,2,1,5,7),(945,'Magic Eye Shadow','28.27',2.6,6962,250,17,3,2,3,4,2,2),(946,'Super Powder','28.28',4.5,2804,100,13,2,1,2,1,5,6),(947,'Perfect CC Cream','28.29',3.7,2498,150,23,1,2,2,3,5,7),(948,'Divine Exfoliator','28.35',3.7,2437,30,40,2,3,4,1,7,7),(949,'Super Makeup Remover','28.36',4.2,3552,250,13,3,4,3,2,2,6),(950,'Super Powder','28.37',4.3,9631,250,40,1,1,1,3,5,1),(951,'Magic Highlighter','28.37',2.9,8828,30,10,1,3,1,4,2,5),(952,'Ultra Serum','28.41',1.9,4928,250,23,1,6,3,4,7,2),(953,'Magic Lip Liner','28.42',2.4,5267,100,32,3,2,3,1,6,8),(954,'Ultra Eye Shadow','28.43',4.5,9873,200,20,2,6,4,3,6,7),(955,'Ultra BB Cream','28.43',3.5,9837,30,21,3,1,1,4,6,8),(956,'Magic Makeup Remover','28.5',3.8,6242,100,8,3,6,4,1,1,1),(957,'Magic Highlighter','28.55',4.6,795,250,39,3,6,5,1,4,2),(958,'Ultra BB Cream','28.56',4.9,7299,30,21,1,5,3,4,2,6),(959,'Perfect Highlighter','28.56',3.5,5718,200,40,3,4,5,1,1,3),(960,'Super BB Cream','28.56',2.9,9292,200,16,3,4,5,2,6,8),(961,'Super Lip Liner','28.62',1.6,140,50,3,2,3,4,3,1,4),(962,'Perfect Concealer','28.65',4.1,5045,50,7,1,6,4,1,6,3),(963,'Ultra Lipstick','28.66',3.9,889,30,23,3,2,4,1,4,2),(964,'Perfect Lipstick','28.68',4.3,714,200,28,2,1,4,1,2,3),(965,'Perfect Eyeliner','28.68',3.6,1319,100,36,2,5,2,3,7,1),(966,'Divine Exfoliator','28.68',2.8,4333,150,25,2,1,1,4,1,8),(967,'Ultra Lip Gloss','28.68',2.4,4471,50,23,3,6,1,3,5,4),(968,'Divine Face Oil','28.7',2.1,9170,200,16,1,5,4,4,5,1),(969,'Magic Lip Liner','28.7',1.3,6649,50,19,1,2,3,3,4,8),(970,'Perfect Exfoliator','28.71',2.8,9673,200,7,1,5,5,3,5,5),(971,'Ultra Bronzer','28.73',4.4,8516,50,28,2,2,4,4,6,6),(972,'Perfect Highlighter','28.73',2.5,847,30,37,3,3,4,3,4,6),(973,'Magic Concealer','28.75',4,5102,200,36,2,2,5,3,5,3),(974,'Ultra Powder','28.77',3.3,6998,250,9,2,3,4,2,6,6),(975,'Divine Contour','28.8',4.7,6051,30,21,1,5,5,1,6,8),(976,'Magic Mascara','28.8',3.3,8654,250,15,2,2,4,2,3,4),(977,'Super Face Oil','28.8',1.2,9945,150,28,2,5,3,2,7,8),(978,'Ultra Exfoliator','28.82',3,5927,50,13,3,5,4,2,1,4),(979,'Perfect Contour','28.84',3.7,9317,50,40,3,1,2,1,6,5),(980,'Magic Serum','28.85',2.9,3635,150,12,2,4,3,2,6,3),(981,'Super Face Mask','28.85',1.1,2007,250,4,2,6,4,2,1,7),(982,'Ultra Highlighter','28.86',2.7,9437,50,36,2,3,3,2,6,8),(983,'Divine Eye Shadow','28.87',2.5,1836,50,38,1,2,5,2,5,4),(984,'Perfect Blush','28.87',2.5,8990,30,10,2,5,5,4,1,4),(985,'Ultra Cleanser','28.88',1.4,3431,150,9,1,5,4,4,6,3),(986,'Super Exfoliator','28.91',4.9,6435,250,15,2,3,3,2,6,4),(987,'Ultra Moisturizer','28.91',3.8,8665,250,34,2,6,3,2,4,1),(988,'Divine Mascara','28.91',2.8,5757,30,20,3,4,3,1,5,8),(989,'Super Foundation','28.91',1.8,4934,250,34,2,4,1,3,4,1),(990,'Magic Lipstick','29.02',1.9,6336,30,35,2,6,5,2,3,6),(991,'Magic Powder','29.03',4,2688,200,20,1,6,4,3,1,8),(992,'Super Blush','29.03',3.3,837,50,18,3,1,5,4,2,1),(993,'Perfect Makeup Remover','29.04',2.9,7016,50,29,1,1,2,3,5,1),(994,'Magic Lip Liner','29.05',1.5,2670,150,38,1,2,3,4,6,8),(995,'Ultra BB Cream','29.07',4.2,2052,30,21,2,1,2,3,3,4),(996,'Divine Mascara','29.11',3.2,4674,30,8,2,1,1,4,6,5),(997,'Perfect Contour','29.15',5,7104,200,8,3,4,5,4,7,7),(998,'Divine Concealer','29.18',1.3,9086,200,18,3,6,2,1,4,6);
/*!40000 ALTER TABLE `product_info` ENABLE KEYS */;
UNLOCK TABLES;

--
-- Table structure for table `skin_type`
--

DROP TABLE IF EXISTS `skin_type`;
/*!40101 SET @saved_cs_client     = @@character_set_client */;
/*!50503 SET character_set_client = utf8mb4 */;
CREATE TABLE `skin_type` (
  `skin_type_id` int NOT NULL,
  `skin_type` varchar(45) DEFAULT NULL,
  PRIMARY KEY (`skin_type_id`)
) ENGINE=InnoDB DEFAULT CHARSET=utf8mb3;
/*!40101 SET character_set_client = @saved_cs_client */;

--
-- Dumping data for table `skin_type`
--

LOCK TABLES `skin_type` WRITE;
/*!40000 ALTER TABLE `skin_type` DISABLE KEYS */;
INSERT INTO `skin_type` VALUES (1,'Normal'),(2,'Oily'),(3,'Combination'),(4,'Sensitive'),(5,'Dry');
/*!40000 ALTER TABLE `skin_type` ENABLE KEYS */;
UNLOCK TABLES;

--
-- Table structure for table `usage_frequency`
--

DROP TABLE IF EXISTS `usage_frequency`;
/*!40101 SET @saved_cs_client     = @@character_set_client */;
/*!50503 SET character_set_client = utf8mb4 */;
CREATE TABLE `usage_frequency` (
  `usage_frequency_id` int NOT NULL AUTO_INCREMENT,
  `usage_frequency` varchar(45) DEFAULT NULL,
  PRIMARY KEY (`usage_frequency_id`)
) ENGINE=InnoDB AUTO_INCREMENT=5 DEFAULT CHARSET=utf8mb3;
/*!40101 SET character_set_client = @saved_cs_client */;

--
-- Dumping data for table `usage_frequency`
--

LOCK TABLES `usage_frequency` WRITE;
/*!40000 ALTER TABLE `usage_frequency` DISABLE KEYS */;
INSERT INTO `usage_frequency` VALUES (1,'Monthly'),(2,'Occasional'),(3,'Daily'),(4,'Weekly');
/*!40000 ALTER TABLE `usage_frequency` ENABLE KEYS */;
UNLOCK TABLES;
/*!40103 SET TIME_ZONE=@OLD_TIME_ZONE */;

/*!40101 SET SQL_MODE=@OLD_SQL_MODE */;
/*!40014 SET FOREIGN_KEY_CHECKS=@OLD_FOREIGN_KEY_CHECKS */;
/*!40014 SET UNIQUE_CHECKS=@OLD_UNIQUE_CHECKS */;
/*!40101 SET CHARACTER_SET_CLIENT=@OLD_CHARACTER_SET_CLIENT */;
/*!40101 SET CHARACTER_SET_RESULTS=@OLD_CHARACTER_SET_RESULTS */;
/*!40101 SET COLLATION_CONNECTION=@OLD_COLLATION_CONNECTION */;
/*!40111 SET SQL_NOTES=@OLD_SQL_NOTES */;

-- Dump completed on 2025-05-09 15:47:02
